t,phase,min_front,min_left,min_right,speed,yaw,dist_to_wp,bearing_to_wp,rc_throttle_norm,rc_yaw_norm
219.969,pretrain,0.0000,24.3861,7.4557,0.1088,-0.0777,0.000,0.0000,0.000,0.000
220.061,pretrain,0.0000,671.0791,7.4352,0.1088,-0.0777,0.000,0.0000,0.000,0.000
220.161,pretrain,0.0000,24.7569,7.4323,0.1088,-0.0777,0.000,0.0000,0.000,0.000
220.261,pretrain,0.0000,24.2875,7.5057,0.1013,-0.0777,0.000,0.0000,0.000,0.000
220.361,pretrain,0.0000,24.2867,7.4365,0.1013,-0.0777,0.000,0.0000,0.000,0.000
220.461,pretrain,0.0000,24.4522,7.5211,0.1013,-0.0777,0.000,0.0000,0.000,0.000
220.562,pretrain,0.0000,24.3989,7.4541,0.0949,-0.0777,0.000,0.0000,0.000,0.000
220.661,pretrain,0.0000,670.5535,7.4279,0.0949,-0.0777,0.000,0.0000,0.000,0.000
220.761,pretrain,0.0000,24.3106,7.4854,0.0887,-0.0778,0.000,0.0000,0.000,0.000
220.861,pretrain,0.0000,24.3223,7.4280,0.0887,-0.0778,0.000,0.0000,0.000,0.000
220.961,pretrain,0.0000,24.2670,7.5307,0.0887,-0.0778,0.000,0.0000,0.000,0.000
221.061,pretrain,0.0000,24.2515,7.4412,0.0837,-0.0778,0.000,0.0000,0.000,0.000
221.161,pretrain,0.0000,671.8118,7.4265,0.0837,-0.0778,0.000,0.0000,0.000,0.000
221.261,pretrain,0.0000,24.4430,7.4677,0.0792,-0.0778,0.000,0.0000,0.000,0.000
221.361,pretrain,0.0000,24.4490,7.4220,0.0792,-0.0778,0.000,0.0000,0.000,0.000
221.461,pretrain,0.0000,24.1788,7.5081,0.0792,-0.0778,0.000,0.0000,0.000,0.000
221.561,pretrain,0.0000,24.1850,7.4307,0.0754,-0.0779,0.000,0.0000,0.000,0.000
221.661,pretrain,0.0000,24.5295,7.4274,0.0754,-0.0779,0.000,0.0000,0.000,0.000
221.761,pretrain,0.0000,24.4626,7.4526,0.0713,-0.0779,0.000,0.0000,0.000,0.000
221.861,pretrain,0.0000,24.8079,7.4185,0.0713,-0.0779,0.000,0.0000,0.000,0.000
221.961,pretrain,0.0000,24.1883,7.4575,0.0713,-0.0779,0.000,0.0000,0.000,0.000
222.061,pretrain,0.0000,24.1872,7.4227,0.0678,-0.0780,0.000,0.0000,0.000,0.000
222.165,pretrain,0.0000,24.2662,7.4307,0.0678,-0.0780,0.000,0.0000,0.000,0.000
222.261,pretrain,0.0000,24.2527,7.4399,0.0646,-0.0781,0.000,0.0000,0.000,0.000
222.361,pretrain,0.0000,670.8360,7.4173,0.0646,-0.0781,0.000,0.0000,0.000,0.000
222.461,pretrain,0.0000,24.2512,7.4678,0.0622,-0.0781,0.000,0.0000,0.000,0.000
222.563,pretrain,0.0000,24.2614,7.4168,0.0622,-0.0781,0.000,0.0000,0.000,0.000
222.661,pretrain,0.0000,24.1633,7.4362,0.0622,-0.0781,0.000,0.0000,0.000,0.000
222.761,pretrain,0.0000,24.1473,7.4295,0.0593,-0.0782,0.000,0.0000,0.000,0.000
222.861,pretrain,0.0000,24.9590,7.4182,0.0593,-0.0782,0.000,0.0000,0.000,0.000
222.961,pretrain,0.0000,24.4277,7.4554,0.0568,-0.0782,0.000,0.0000,0.000,0.000
223.061,pretrain,0.0000,24.4341,7.4131,0.0568,-0.0782,0.000,0.0000,0.000,0.000
223.161,pretrain,0.0000,24.1098,7.4439,0.0568,-0.0782,0.000,0.0000,0.000,0.000
223.261,pretrain,0.0000,24.1136,7.4212,0.0543,-0.0783,0.000,0.0000,0.000,0.000
223.361,pretrain,0.0000,24.3883,7.4212,0.0543,-0.0783,0.000,0.0000,0.000,0.000
223.461,pretrain,0.0000,24.3292,7.4424,0.0543,-0.0783,0.000,0.0000,0.000,0.000
223.561,pretrain,0.0000,24.9454,7.4115,0.0521,-0.0783,0.000,0.0000,0.000,0.000
223.664,pretrain,0.0000,24.1288,7.4538,0.0521,-0.0783,0.000,0.0000,0.000,0.000
223.761,pretrain,0.0000,24.1450,7.4150,0.0500,-0.0784,0.000,0.0000,0.000,0.000
223.861,pretrain,0.0000,24.1795,7.4262,0.0500,-0.0784,0.000,0.0000,0.000,0.000
223.961,pretrain,0.0000,24.1650,7.4315,0.0500,-0.0784,0.000,0.0000,0.000,0.000
224.061,pretrain,0.0000,671.1248,7.4120,0.0480,-0.0784,0.000,0.0000,0.000,0.000
224.168,pretrain,0.0000,24.5595,7.4099,0.0480,-0.0784,0.000,0.0000,0.000,0.000
224.261,pretrain,0.0000,24.0965,7.4840,0.0462,-0.0785,0.000,0.0000,0.000,0.000
224.361,pretrain,0.0000,24.1025,7.4157,0.0462,-0.0785,0.000,0.0000,0.000,0.000
224.461,pretrain,0.0000,24.2645,7.5009,0.0462,-0.0785,0.000,0.0000,0.000,0.000
224.561,pretrain,0.0000,24.2199,7.4348,0.0448,-0.0785,0.000,0.0000,0.000,0.000
224.665,pretrain,0.0000,670.5900,7.4095,0.0448,-0.0785,0.000,0.0000,0.000,0.000
224.765,pretrain,0.0000,24.1532,7.4674,0.0437,-0.0786,0.000,0.0000,0.000,0.000
224.866,pretrain,0.0000,24.1704,7.4108,0.0437,-0.0786,0.000,0.0000,0.000,0.000
224.962,pretrain,0.0000,24.1159,7.5139,0.0437,-0.0786,0.000,0.0000,0.000,0.000
225.062,pretrain,0.0000,24.1063,7.4252,0.0428,-0.0786,0.000,0.0000,0.000,0.000
225.161,pretrain,0.0000,671.9580,7.4112,0.0428,-0.0786,0.000,0.0000,0.000,0.000
225.261,pretrain,0.0000,24.3125,7.4529,0.0418,-0.0786,0.000,0.0000,0.000,0.000
225.361,pretrain,0.0000,24.3237,7.4078,0.0418,-0.0786,0.000,0.0000,0.000,0.000
225.461,pretrain,0.0000,24.0556,7.4943,0.0407,-0.0786,0.000,0.0000,0.000,0.000
225.561,pretrain,0.0000,24.0662,7.4176,0.0407,-0.0786,0.000,0.0000,0.000,0.000
225.661,pretrain,0.0000,24.4037,7.4147,0.0407,-0.0786,0.000,0.0000,0.000,0.000
225.761,pretrain,0.0000,24.3437,7.4404,0.0390,-0.0787,0.000,0.0000,0.000,0.000
225.863,pretrain,0.0000,24.7040,7.4067,0.0390,-0.0787,0.000,0.0000,0.000,0.000
225.961,pretrain,0.0000,24.0867,7.4461,0.0390,-0.0787,0.000,0.0000,0.000,0.000
226.061,pretrain,0.0000,24.0893,7.4117,0.0376,-0.0787,0.000,0.0000,0.000,0.000
226.161,pretrain,0.0000,24.1672,7.4202,0.0376,-0.0787,0.000,0.0000,0.000,0.000
226.265,pretrain,0.0000,24.1580,7.4298,0.0366,-0.0787,0.000,0.0000,0.000,0.000
226.361,pretrain,0.0000,670.8554,7.4075,0.0366,-0.0787,0.000,0.0000,0.000,0.000
226.461,pretrain,0.0000,24.1670,7.4583,0.0366,-0.0787,0.000,0.0000,0.000,0.000
226.563,pretrain,0.0000,24.1804,7.4077,0.0359,-0.0787,0.000,0.0000,0.000,0.000
226.661,pretrain,0.0000,24.0825,7.4275,0.0359,-0.0787,0.000,0.0000,0.000,0.000
226.763,pretrain,0.0000,24.0698,7.4211,0.0348,-0.0787,0.000,0.0000,0.000,0.000
226.861,pretrain,0.0000,24.8466,7.4100,0.0348,-0.0787,0.000,0.0000,0.000,0.000
226.961,pretrain,0.0000,24.3580,7.4476,0.0348,-0.0787,0.000,0.0000,0.000,0.000
227.061,pretrain,0.0000,24.3670,7.4056,0.0338,-0.0788,0.000,0.0000,0.000,0.000
227.161,pretrain,0.0000,24.0436,7.4366,0.0338,-0.0788,0.000,0.0000,0.000,0.000
227.261,pretrain,0.0000,24.0498,7.4142,0.0331,-0.0788,0.000,0.0000,0.000,0.000
227.361,pretrain,0.0000,24.3214,7.4144,0.0331,-0.0788,0.000,0.0000,0.000,0.000
227.461,pretrain,0.0000,24.2656,7.4359,0.0331,-0.0788,0.000,0.0000,0.000,0.000
227.561,pretrain,0.0000,24.8913,7.4053,0.0330,-0.0788,0.000,0.0000,0.000,0.000
227.661,pretrain,0.0000,24.0742,7.4477,0.0330,-0.0788,0.000,0.0000,0.000,0.000
227.761,pretrain,0.0000,24.0923,7.4091,0.0326,-0.0788,0.000,0.0000,0.000,0.000
227.861,pretrain,0.0000,24.1262,7.4206,0.0326,-0.0788,0.000,0.0000,0.000,0.000
227.961,pretrain,0.0000,24.1139,7.4260,0.0326,-0.0788,0.000,0.0000,0.000,0.000
228.061,pretrain,0.0000,671.1351,7.4067,0.0322,-0.0788,0.000,0.0000,0.000,0.000
228.161,pretrain,0.0000,24.5148,7.4048,0.0322,-0.0788,0.000,0.0000,0.000,0.000
228.261,pretrain,0.0000,24.0522,7.4791,0.0318,-0.0788,0.000,0.0000,0.000,0.000
228.361,pretrain,0.0000,24.0599,7.4111,0.0318,-0.0788,0.000,0.0000,0.000,0.000
228.461,pretrain,0.0000,24.2204,7.4963,0.0318,-0.0788,0.000,0.0000,0.000,0.000
228.561,pretrain,0.0000,24.1779,7.4305,0.0315,-0.0788,0.000,0.0000,0.000,0.000
228.663,pretrain,0.0000,670.5982,7.4053,0.0315,-0.0788,0.000,0.0000,0.000,0.000
228.761,pretrain,0.0000,24.1165,7.4633,0.0309,-0.0788,0.000,0.0000,0.000,0.000
228.863,pretrain,0.0000,24.1352,7.4069,0.0309,-0.0788,0.000,0.0000,0.000,0.000
228.961,pretrain,0.0000,24.0803,7.5101,0.0309,-0.0788,0.000,0.0000,0.000,0.000
229.061,pretrain,0.0000,24.0720,7.4216,0.0303,-0.0788,0.000,0.0000,0.000,0.000
229.161,pretrain,0.0000,671.9923,7.4077,0.0303,-0.0788,0.000,0.0000,0.000,0.000
229.261,pretrain,0.0000,24.2822,7.4495,0.0299,-0.0788,0.000,0.0000,0.000,0.000
229.361,pretrain,0.0000,24.2945,7.4046,0.0299,-0.0788,0.000,0.0000,0.000,0.000
229.461,pretrain,0.0000,24.0266,7.4911,0.0299,-0.0788,0.000,0.0000,0.000,0.000
229.561,pretrain,0.0000,24.0381,7.4145,0.0296,-0.0788,0.000,0.0000,0.000,0.000
229.661,pretrain,0.0000,24.3732,7.4118,0.0296,-0.0788,0.000,0.0000,0.000,0.000
229.761,pretrain,0.0000,24.3149,7.4375,0.0296,-0.0788,0.000,0.0000,0.000,0.000
229.861,pretrain,0.0000,24.6807,7.4040,0.0296,-0.0788,0.000,0.0000,0.000,0.000
229.962,pretrain,0.0000,24.0627,7.4434,0.0296,-0.0788,0.000,0.0000,0.000,0.000
230.061,pretrain,0.0000,24.0662,7.4092,0.0296,-0.0788,0.000,0.0000,0.000,0.000
230.162,pretrain,0.0000,24.1432,7.4177,0.0296,-0.0788,0.000,0.0000,0.000,0.000
230.261,pretrain,0.0000,24.1351,7.4274,0.0296,-0.0788,0.000,0.0000,0.000,0.000
230.361,pretrain,0.0000,670.8600,7.4052,0.0296,-0.0788,0.000,0.0000,0.000,0.000
230.461,pretrain,0.0000,24.1473,7.4561,0.0296,-0.0788,0.000,0.0000,0.000,0.000
230.561,pretrain,0.0000,24.1615,7.4056,0.0296,-0.0788,0.000,0.0000,0.000,0.000
230.661,pretrain,0.0000,24.0631,7.4254,0.0299,-0.0788,0.000,0.0000,0.000,0.000
230.761,pretrain,0.0000,24.0511,7.4191,0.0299,-0.0788,0.000,0.0000,0.000,0.000
230.861,pretrain,0.0000,24.8171,7.4081,0.0299,-0.0788,0.000,0.0000,0.000,0.000
230.972,pretrain,0.0000,24.3420,7.4457,0.0300,-0.0788,0.000,0.0000,0.000,0.000
231.061,pretrain,0.0000,24.3517,7.4038,0.0300,-0.0788,0.000,0.0000,0.000,0.000
231.161,pretrain,0.0000,24.0277,7.4349,0.0297,-0.0788,0.000,0.0000,0.000,0.000
231.261,pretrain,0.0000,24.0346,7.4126,0.0297,-0.0788,0.000,0.0000,0.000,0.000
231.361,pretrain,0.0000,24.3046,7.4128,0.0297,-0.0788,0.000,0.0000,0.000,0.000
231.461,pretrain,0.0000,24.2497,7.4343,0.0295,-0.0788,0.000,0.0000,0.000,0.000
231.561,pretrain,0.0000,24.8822,7.4038,0.0295,-0.0788,0.000,0.0000,0.000,0.000
231.661,pretrain,0.0000,24.0613,7.4463,0.0294,-0.0788,0.000,0.0000,0.000,0.000
231.761,pretrain,0.0000,24.0798,7.4078,0.0294,-0.0788,0.000,0.0000,0.000,0.000
231.861,pretrain,0.0000,24.1129,7.4193,0.0294,-0.0788,0.000,0.0000,0.000,0.000
231.961,pretrain,0.0000,24.1012,7.4247,0.0292,-0.0788,0.000,0.0000,0.000,0.000
232.061,pretrain,0.0000,671.1375,7.4055,0.0292,-0.0788,0.000,0.0000,0.000,0.000
232.161,pretrain,0.0000,24.5055,7.4036,0.0288,-0.0788,0.000,0.0000,0.000,0.000
232.261,pretrain,0.0000,24.0416,7.4779,0.0288,-0.0788,0.000,0.0000,0.000,0.000
232.361,pretrain,0.0000,24.0498,7.4100,0.0288,-0.0788,0.000,0.0000,0.000,0.000
232.461,pretrain,0.0000,24.2090,7.4952,0.0286,-0.0788,0.000,0.0000,0.000,0.000
232.565,pretrain,0.0000,24.1671,7.4294,0.0286,-0.0788,0.000,0.0000,0.000,0.000
232.661,pretrain,0.0000,670.6002,7.4043,0.0285,-0.0788,0.000,0.0000,0.000,0.000
232.761,pretrain,0.0000,24.1082,7.4624,0.0285,-0.0788,0.000,0.0000,0.000,0.000
232.861,pretrain,0.0000,24.1272,7.4060,0.0285,-0.0788,0.000,0.0000,0.000,0.000
232.961,pretrain,0.0000,24.0714,7.5092,0.0282,-0.0788,0.000,0.0000,0.000,0.000
233.061,pretrain,0.0000,24.0635,7.4207,0.0282,-0.0788,0.000,0.0000,0.000,0.000
233.161,pretrain,0.0000,672.0005,7.4068,0.0278,-0.0788,0.000,0.0000,0.000,0.000
233.261,pretrain,0.0000,24.2758,7.4487,0.0278,-0.0788,0.000,0.0000,0.000,0.000
233.361,pretrain,0.0000,24.2885,7.4038,0.0278,-0.0788,0.000,0.0000,0.000,0.000
233.464,pretrain,0.0000,24.0195,7.4904,0.0274,-0.0788,0.000,0.0000,0.000,0.000
233.563,pretrain,0.0000,24.0313,7.4138,0.0274,-0.0788,0.000,0.0000,0.000,0.000
233.661,pretrain,0.0000,24.3644,7.4111,0.0272,-0.0788,0.000,0.0000,0.000,0.000
233.761,pretrain,0.0000,24.3067,7.4369,0.0272,-0.0788,0.000,0.0000,0.000,0.000
233.861,pretrain,0.0000,24.6779,7.4034,0.0272,-0.0788,0.000,0.0000,0.000,0.000
233.961,pretrain,0.0000,24.0571,7.4428,0.0270,-0.0788,0.000,0.0000,0.000,0.000
234.061,pretrain,0.0000,24.0609,7.4086,0.0270,-0.0788,0.000,0.0000,0.000,0.000
234.167,pretrain,0.0000,24.1367,7.4171,0.0267,-0.0788,0.000,0.0000,0.000,0.000
234.261,pretrain,0.0000,24.1289,7.4268,0.0267,-0.0788,0.000,0.0000,0.000,0.000
234.361,pretrain,0.0000,670.8609,7.4047,0.0267,-0.0788,0.000,0.0000,0.000,0.000
234.461,pretrain,0.0000,24.1432,7.4555,0.0266,-0.0788,0.000,0.0000,0.000,0.000
234.561,pretrain,0.0000,24.1576,7.4051,0.0266,-0.0788,0.000,0.0000,0.000,0.000
234.662,pretrain,0.0000,24.0581,7.4249,0.0267,-0.0788,0.000,0.0000,0.000,0.000
234.761,pretrain,0.0000,24.0464,7.4186,0.0267,-0.0788,0.000,0.0000,0.000,0.000
234.867,pretrain,0.0000,24.8039,7.4077,0.0267,-0.0788,0.000,0.0000,0.000,0.000
234.975,pretrain,0.0000,24.3394,7.4453,0.0268,-0.0787,0.000,0.0000,0.000,0.000
235.066,pretrain,0.0000,24.3494,7.4034,0.0268,-0.0787,0.000,0.0000,0.000,0.000
235.164,pretrain,0.0000,24.0239,7.4345,0.0265,-0.0787,0.000,0.0000,0.000,0.000
235.261,pretrain,0.0000,24.0310,7.4122,0.0265,-0.0787,0.000,0.0000,0.000,0.000
235.361,pretrain,0.0000,24.2991,7.4124,0.0265,-0.0787,0.000,0.0000,0.000,0.000
235.467,pretrain,0.0000,24.2447,7.4340,0.0265,-0.0787,0.000,0.0000,0.000,0.000
235.561,pretrain,0.0000,24.8862,7.4034,0.0265,-0.0787,0.000,0.0000,0.000,0.000
235.661,pretrain,0.0000,24.0586,7.4459,0.0266,-0.0787,0.000,0.0000,0.000,0.000
235.767,pretrain,0.0000,24.0773,7.4074,0.0266,-0.0787,0.000,0.0000,0.000,0.000
235.865,pretrain,0.0000,24.1091,7.4189,0.0266,-0.0787,0.000,0.0000,0.000,0.000
235.961,pretrain,0.0000,24.0976,7.4244,0.0266,-0.0787,0.000,0.0000,0.000,0.000
236.067,pretrain,0.0000,671.1382,7.4052,0.0266,-0.0787,0.000,0.0000,0.000,0.000
236.164,pretrain,0.0000,24.5053,7.4033,0.0266,-0.0787,0.000,0.0000,0.000,0.000
236.261,pretrain,0.0000,24.0393,7.4776,0.0266,-0.0787,0.000,0.0000,0.000,0.000
236.361,pretrain,0.0000,24.0476,7.4097,0.0266,-0.0787,0.000,0.0000,0.000,0.000
236.461,pretrain,0.0000,24.2053,7.4950,0.0266,-0.0787,0.000,0.0000,0.000,0.000
236.561,pretrain,0.0000,24.1638,7.4292,0.0266,-0.0787,0.000,0.0000,0.000,0.000
236.661,pretrain,0.0000,670.6008,7.4040,0.0268,-0.0787,0.000,0.0000,0.000,0.000
236.765,pretrain,0.0000,24.1067,7.4621,0.0268,-0.0787,0.000,0.0000,0.000,0.000
236.861,pretrain,0.0000,24.1258,7.4058,0.0268,-0.0787,0.000,0.0000,0.000,0.000
236.961,pretrain,0.0000,24.0688,7.5090,0.0269,-0.0787,0.000,0.0000,0.000,0.000
237.061,pretrain,0.0000,24.0611,7.4205,0.0269,-0.0787,0.000,0.0000,0.000,0.000
237.161,pretrain,0.0000,672.0029,7.4066,0.0268,-0.0787,0.000,0.0000,0.000,0.000
237.263,pretrain,0.0000,24.2752,7.4485,0.0268,-0.0787,0.000,0.0000,0.000,0.000
237.361,pretrain,0.0000,24.2881,7.4036,0.0268,-0.0787,0.000,0.0000,0.000,0.000
237.461,pretrain,0.0000,24.0177,7.4902,0.0268,-0.0787,0.000,0.0000,0.000,0.000
237.561,pretrain,0.0000,24.0296,7.4136,0.0268,-0.0787,0.000,0.0000,0.000,0.000
237.661,pretrain,0.0000,24.3610,7.4110,0.0269,-0.0787,0.000,0.0000,0.000,0.000
237.766,pretrain,0.0000,24.3037,7.4367,0.0269,-0.0787,0.000,0.0000,0.000,0.000
237.861,pretrain,0.0000,24.6796,7.4032,0.0269,-0.0787,0.000,0.0000,0.000,0.000
237.961,pretrain,0.0000,24.0560,7.4427,0.0269,-0.0787,0.000,0.0000,0.000,0.000
238.061,pretrain,0.0000,24.0599,7.4084,0.0269,-0.0787,0.000,0.0000,0.000,0.000
238.161,pretrain,0.0000,24.1346,7.4170,0.0267,-0.0787,0.000,0.0000,0.000,0.000
238.261,pretrain,0.0000,24.1269,7.4267,0.0267,-0.0787,0.000,0.0000,0.000,0.000
238.371,pretrain,0.0000,670.8614,7.4045,0.0267,-0.0787,0.000,0.0000,0.000,0.000
238.461,pretrain,0.0000,24.1426,7.4554,0.0267,-0.0787,0.000,0.0000,0.000,0.000
238.561,pretrain,0.0000,24.1571,7.4050,0.0267,-0.0787,0.000,0.0000,0.000,0.000
238.661,pretrain,0.0000,24.0567,7.4248,0.0269,-0.0787,0.000,0.0000,0.000,0.000
238.761,pretrain,0.0000,24.0451,7.4185,0.0269,-0.0787,0.000,0.0000,0.000,0.000
238.861,pretrain,0.0000,24.7975,7.4076,0.0269,-0.0787,0.000,0.0000,0.000,0.000
238.961,pretrain,0.0000,24.3394,7.4452,0.0270,-0.0787,0.000,0.0000,0.000,0.000
239.061,pretrain,0.0000,24.3495,7.4033,0.0270,-0.0787,0.000,0.0000,0.000,0.000
239.161,pretrain,0.0000,24.0230,7.4344,0.0269,-0.0787,0.000,0.0000,0.000,0.000
239.261,pretrain,0.0000,24.0301,7.4121,0.0269,-0.0787,0.000,0.0000,0.000,0.000
239.361,pretrain,0.0000,24.2973,7.4123,0.0269,-0.0787,0.000,0.0000,0.000,0.000
239.461,pretrain,0.0000,24.2432,7.4339,0.0269,-0.0787,0.000,0.0000,0.000,0.000
239.561,pretrain,0.0000,24.8893,7.4034,0.0269,-0.0787,0.000,0.0000,0.000,0.000
239.661,pretrain,0.0000,24.0580,7.4458,0.0270,-0.0787,0.000,0.0000,0.000,0.000
239.761,pretrain,0.0000,24.0768,7.4073,0.0270,-0.0787,0.000,0.0000,0.000,0.000
239.872,pretrain,0.0000,24.1080,7.4189,0.0270,-0.0787,0.000,0.0000,0.000,0.000
239.961,pretrain,0.0000,24.0966,7.4244,0.0269,-0.0787,0.000,0.0000,0.000,0.000
240.061,pretrain,0.0000,671.1383,7.4051,0.0269,-0.0787,0.000,0.0000,0.000,0.000
240.161,pretrain,0.0000,24.5055,7.4033,0.0269,-0.0787,0.000,0.0000,0.000,0.000
240.262,pretrain,0.0000,24.0387,7.4776,0.0269,-0.0787,0.000,0.0000,0.000,0.000
240.361,pretrain,0.0000,24.0470,7.4096,0.0269,-0.0787,0.000,0.0000,0.000,0.000
240.461,pretrain,0.0000,24.2044,7.4949,0.0269,-0.0787,0.000,0.0000,0.000,0.000
240.561,pretrain,0.0000,24.1630,7.4291,0.0269,-0.0787,0.000,0.0000,0.000,0.000
240.661,pretrain,0.0000,670.6008,7.4040,0.0271,-0.0787,0.000,0.0000,0.000,0.000
240.761,pretrain,0.0000,24.1062,7.4621,0.0271,-0.0787,0.000,0.0000,0.000,0.000
240.861,pretrain,0.0000,24.1254,7.4057,0.0271,-0.0787,0.000,0.0000,0.000,0.000
240.961,pretrain,0.0000,24.0683,7.5089,0.0272,-0.0787,0.000,0.0000,0.000,0.000
241.061,pretrain,0.0000,24.0606,7.4205,0.0272,-0.0787,0.000,0.0000,0.000,0.000
241.161,pretrain,0.0000,672.0031,7.4066,0.0271,-0.0787,0.000,0.0000,0.000,0.000
241.261,pretrain,0.0000,24.2747,7.4484,0.0271,-0.0787,0.000,0.0000,0.000,0.000
241.361,pretrain,0.0000,24.2875,7.4036,0.0271,-0.0787,0.000,0.0000,0.000,0.000
241.462,pretrain,0.0000,24.0173,7.4901,0.0271,-0.0787,0.000,0.0000,0.000,0.000
241.561,pretrain,0.0000,24.0292,7.4136,0.0271,-0.0787,0.000,0.0000,0.000,0.000
241.667,pretrain,0.0000,24.3609,7.4109,0.0272,-0.0787,0.000,0.0000,0.000,0.000
241.761,pretrain,0.0000,24.3036,7.4367,0.0272,-0.0787,0.000,0.0000,0.000,0.000
241.861,pretrain,0.0000,24.6783,7.4032,0.0272,-0.0787,0.000,0.0000,0.000,0.000
241.961,pretrain,0.0000,24.0555,7.4426,0.0273,-0.0787,0.000,0.0000,0.000,0.000
242.061,pretrain,0.0000,24.0594,7.4084,0.0273,-0.0787,0.000,0.0000,0.000,0.000
242.161,pretrain,0.0000,24.1346,7.4170,0.0271,-0.0787,0.000,0.0000,0.000,0.000
242.261,pretrain,0.0000,24.1269,7.4267,0.0271,-0.0787,0.000,0.0000,0.000,0.000
242.361,pretrain,0.0000,670.8614,7.4045,0.0271,-0.0787,0.000,0.0000,0.000,0.000
242.461,pretrain,0.0000,24.1419,7.4554,0.0270,-0.0787,0.000,0.0000,0.000,0.000
242.566,pretrain,0.0000,24.1563,7.4050,0.0270,-0.0787,0.000,0.0000,0.000,0.000
242.661,pretrain,0.0000,24.0566,7.4248,0.0271,-0.0787,0.000,0.0000,0.000,0.000
242.761,pretrain,0.0000,24.0450,7.4185,0.0271,-0.0787,0.000,0.0000,0.000,0.000
242.861,pretrain,0.0000,24.8018,7.4076,0.0271,-0.0787,0.000,0.0000,0.000,0.000
242.961,pretrain,0.0000,24.3381,7.4452,0.0272,-0.0787,0.000,0.0000,0.000,0.000
243.065,pretrain,0.0000,24.3481,7.4033,0.0272,-0.0787,0.000,0.0000,0.000,0.000
243.161,pretrain,0.0000,24.0227,7.4344,0.0270,-0.0787,0.000,0.0000,0.000,0.000
243.261,pretrain,0.0000,24.0298,7.4120,0.0270,-0.0787,0.000,0.0000,0.000,0.000
243.361,pretrain,0.0000,24.2984,7.4123,0.0270,-0.0787,0.000,0.0000,0.000,0.000
243.461,pretrain,0.0000,24.2441,7.4338,0.0270,-0.0787,0.000,0.0000,0.000,0.000
243.561,pretrain,0.0000,24.8822,7.4033,0.0270,-0.0787,0.000,0.0000,0.000,0.000
243.661,pretrain,0.0000,24.0574,7.4458,0.0271,-0.0787,0.000,0.0000,0.000,0.000
243.761,pretrain,0.0000,24.0760,7.4073,0.0271,-0.0787,0.000,0.0000,0.000,0.000
243.867,pretrain,0.0000,24.1086,7.4188,0.0271,-0.0787,0.000,0.0000,0.000,0.000
243.964,pretrain,0.0000,24.0971,7.4243,0.0272,-0.0787,0.000,0.0000,0.000,0.000
244.072,pretrain,0.0000,671.1384,7.4051,0.0272,-0.0787,0.000,0.0000,0.000,0.000
244.161,pretrain,0.0000,24.5025,7.4033,0.0270,-0.0787,0.000,0.0000,0.000,0.000
244.261,pretrain,0.0000,24.0383,7.4775,0.0270,-0.0787,0.000,0.0000,0.000,0.000
244.361,pretrain,0.0000,24.0465,7.4096,0.0270,-0.0787,0.000,0.0000,0.000,0.000
244.461,pretrain,0.0000,24.2057,7.4949,0.0271,-0.0787,0.000,0.0000,0.000,0.000
244.561,pretrain,0.0000,24.1640,7.4291,0.0271,-0.0787,0.000,0.0000,0.000,0.000
244.661,pretrain,0.0000,670.6008,7.4040,0.0272,-0.0787,0.000,0.0000,0.000,0.000
244.761,pretrain,0.0000,24.1052,7.4621,0.0272,-0.0787,0.000,0.0000,0.000,0.000
244.861,pretrain,0.0000,24.1242,7.4057,0.0272,-0.0787,0.000,0.0000,0.000,0.000
244.961,pretrain,0.0000,24.0688,7.5089,0.0273,-0.0787,0.000,0.0000,0.000,0.000
245.061,pretrain,0.0000,24.0610,7.4205,0.0273,-0.0787,0.000,0.0000,0.000,0.000
245.161,pretrain,0.0000,672.0032,7.4066,0.0272,-0.0787,0.000,0.0000,0.000,0.000
245.265,pretrain,0.0000,24.2726,7.4484,0.0272,-0.0787,0.000,0.0000,0.000,0.000
245.361,pretrain,0.0000,24.2852,7.4036,0.0272,-0.0787,0.000,0.0000,0.000,0.000
245.461,pretrain,0.0000,24.0173,7.4901,0.0272,-0.0787,0.000,0.0000,0.000,0.000
245.561,pretrain,0.0000,24.0291,7.4136,0.0272,-0.0787,0.000,0.0000,0.000,0.000
245.666,pretrain,0.0000,24.3639,7.4109,0.0273,-0.0787,0.000,0.0000,0.000,0.000
245.761,pretrain,0.0000,24.3061,7.4366,0.0273,-0.0787,0.000,0.0000,0.000,0.000
245.863,pretrain,0.0000,24.6720,7.4032,0.0273,-0.0787,0.000,0.0000,0.000,0.000
245.961,pretrain,0.0000,24.0549,7.4426,0.0274,-0.0787,0.000,0.0000,0.000,0.000
246.061,pretrain,0.0000,24.0586,7.4084,0.0274,-0.0787,0.000,0.0000,0.000,0.000
246.162,pretrain,0.0000,24.1361,7.4170,0.0272,-0.0787,0.000,0.0000,0.000,0.000
246.261,pretrain,0.0000,24.1282,7.4267,0.0272,-0.0787,0.000,0.0000,0.000,0.000
246.361,pretrain,0.0000,670.8615,7.4045,0.0272,-0.0787,0.000,0.0000,0.000,0.000
246.463,pretrain,0.0000,24.1403,7.4554,0.0272,-0.0787,0.000,0.0000,0.000,0.000
246.561,pretrain,0.0000,24.1546,7.4050,0.0272,-0.0787,0.000,0.0000,0.000,0.000
246.668,pretrain,0.0000,24.0572,7.4248,0.0273,-0.0787,0.000,0.0000,0.000,0.000
246.763,pretrain,0.0000,24.0454,7.4185,0.0273,-0.0787,0.000,0.0000,0.000,0.000
246.861,pretrain,0.0000,24.8162,7.4076,0.0273,-0.0787,0.000,0.0000,0.000,0.000
246.961,pretrain,0.0000,24.3350,7.4451,0.0274,-0.0787,0.000,0.0000,0.000,0.000
247.061,pretrain,0.0000,24.3447,7.4033,0.0274,-0.0787,0.000,0.0000,0.000,0.000
247.161,pretrain,0.0000,24.0226,7.4344,0.0272,-0.0787,0.000,0.0000,0.000,0.000
247.272,pretrain,0.0000,24.0295,7.4120,0.0272,-0.0787,0.000,0.0000,0.000,0.000
247.361,pretrain,0.0000,24.3015,7.4123,0.0272,-0.0787,0.000,0.0000,0.000,0.000
247.461,pretrain,0.0000,24.2466,7.4338,0.0273,-0.0787,22.826,1.5844,0.000,0.000
247.565,pretrain,0.0000,24.8516,7.4035,0.0273,-0.0787,22.826,1.5844,0.000,0.000
247.661,pretrain,0.0000,24.0549,7.4453,0.0278,-0.0787,22.826,1.5844,0.000,0.000
247.777,pretrain,0.0000,24.0744,7.4065,0.0278,-0.0787,22.826,1.5844,0.000,0.000
247.861,pretrain,0.0000,24.0744,7.4065,0.0278,-0.0787,22.826,1.5844,0.000,0.000
247.965,pretrain,0.0000,24.0974,7.4235,0.0283,-0.0788,22.826,1.5844,0.000,0.000
248.061,pretrain,0.0000,671.2140,7.4045,0.0283,-0.0788,22.826,1.5844,0.000,0.000
248.165,pretrain,0.0000,24.4939,7.4031,0.0283,-0.0787,22.826,1.5844,0.000,0.000
248.264,pretrain,0.0000,24.0380,7.4783,0.0283,-0.0787,22.826,1.5844,0.000,0.000
248.361,pretrain,0.0000,24.0470,7.4116,0.0283,-0.0787,22.826,1.5844,0.000,0.000
248.466,pretrain,0.0000,24.2161,7.4997,0.0316,-0.0783,22.826,1.5844,0.000,0.000
248.561,pretrain,0.0000,24.1776,7.4368,0.0316,-0.0783,22.826,1.5844,0.000,0.000
248.666,pretrain,0.0000,669.0821,7.4162,0.0408,-0.0774,22.826,1.5844,0.000,0.000
248.761,pretrain,0.0000,24.1121,7.4795,0.0408,-0.0774,22.826,1.5844,0.000,0.000
248.871,pretrain,0.0000,24.1324,7.4296,0.0408,-0.0774,22.826,1.5844,0.000,0.000
248.970,pretrain,0.0000,24.1020,7.5414,0.0587,-0.0757,22.815,1.5844,0.000,0.000
249.061,pretrain,0.0000,24.1002,7.4603,0.0587,-0.0757,22.815,1.5844,0.000,0.000
249.161,pretrain,0.0000,665.6213,7.4553,0.0929,-0.0735,22.804,1.5845,0.000,0.000
249.261,pretrain,0.0000,24.2670,7.5075,0.0929,-0.0735,22.804,1.5845,0.000,0.000
249.372,pretrain,0.0000,24.2793,7.4718,0.0929,-0.0735,22.804,1.5845,0.000,0.000
249.461,pretrain,0.0000,24.0554,7.5707,0.1589,-0.0707,22.771,1.5845,0.000,0.000
249.561,pretrain,0.0000,24.0603,7.5022,0.1589,-0.0707,22.771,1.5845,0.000,0.000
249.661,pretrain,0.0000,24.5092,7.5099,0.2355,-0.0680,22.727,1.5840,0.000,0.000
249.761,pretrain,0.0000,24.4051,7.5468,0.2355,-0.0680,22.727,1.5840,0.000,0.000
249.861,pretrain,0.0000,24.4940,7.5223,0.2355,-0.0680,22.727,1.5840,0.000,0.000
249.961,pretrain,0.0000,24.0198,7.5741,0.3242,-0.0649,22.661,1.5840,0.000,0.000
250.061,pretrain,0.0000,23.9940,7.5482,0.3242,-0.0649,22.661,1.5840,0.000,0.000
250.161,pretrain,0.0000,24.1342,7.5671,0.4210,-0.0619,22.573,1.5841,0.000,0.000
250.261,pretrain,0.0000,24.1005,7.5863,0.4210,-0.0619,22.573,1.5841,0.000,0.000
250.367,pretrain,0.0000,655.0930,7.5717,0.4210,-0.0619,22.573,1.5841,0.000,0.000
250.461,pretrain,0.0000,23.9048,7.6353,0.5435,-0.0587,22.441,1.5837,0.000,0.000
250.561,pretrain,0.0000,23.8698,7.5901,0.5435,-0.0587,22.441,1.5837,0.000,0.000
250.661,pretrain,0.0000,23.8346,7.6194,0.6618,-0.0557,22.298,1.5833,0.000,0.000
250.761,pretrain,0.0000,23.7550,7.6193,0.6618,-0.0557,22.298,1.5833,0.000,0.000
250.861,pretrain,0.0000,653.0527,7.6147,0.6618,-0.0557,22.298,1.5833,0.000,0.000
250.961,pretrain,0.0000,23.7491,7.6611,0.7832,-0.0528,22.122,1.5829,0.000,0.000
251.061,pretrain,0.0000,23.6505,7.6213,0.7832,-0.0528,22.122,1.5829,0.000,0.000
251.161,pretrain,0.0000,23.4149,7.6602,0.8908,-0.0503,21.924,1.5820,0.000,0.000
251.261,pretrain,0.0000,23.3331,7.6391,0.8908,-0.0503,21.924,1.5820,0.000,0.000
251.361,pretrain,0.0000,23.6915,7.6435,0.8908,-0.0503,21.924,1.5820,0.000,0.000
251.461,pretrain,0.0000,23.4928,7.6700,1.0071,-0.0478,21.682,1.5816,0.000,0.000
251.561,pretrain,0.0000,23.4368,7.6400,1.0071,-0.0478,21.682,1.5816,0.000,0.000
251.661,pretrain,0.0000,22.9252,7.6895,1.1115,-0.0456,21.429,1.5807,0.000,0.000
251.761,pretrain,0.0000,22.8262,7.6478,1.1115,-0.0456,21.429,1.5807,0.000,0.000
251.861,pretrain,0.0000,22.9037,7.6601,1.1115,-0.0456,21.429,1.5807,0.000,0.000
251.963,pretrain,0.0000,22.7351,7.6635,1.2098,-0.0439,21.132,1.5803,0.000,0.000
252.061,pretrain,0.0000,23.2419,7.6368,1.2098,-0.0439,21.132,1.5803,0.000,0.000
252.161,pretrain,0.0000,22.5461,7.6289,1.2791,-0.0434,20.846,1.5793,0.000,0.000
252.261,pretrain,0.0000,22.1837,7.7058,1.2791,-0.0434,20.846,1.5793,0.000,0.000
252.361,pretrain,0.0000,22.0442,7.6258,1.2791,-0.0434,20.846,1.5793,0.000,0.000
252.465,pretrain,0.0000,22.1715,7.7155,1.3284,-0.0426,20.517,1.5784,0.000,0.000
252.561,pretrain,0.0000,21.9712,7.6364,1.3284,-0.0426,20.517,1.5784,0.000,0.000
252.661,pretrain,0.0000,22.1542,7.6036,1.3593,-0.0420,20.198,1.5774,0.000,0.000
252.761,pretrain,0.0000,21.5047,7.6622,1.3593,-0.0420,20.198,1.5774,0.000,0.000
252.861,pretrain,0.0000,21.3606,7.5940,1.3593,-0.0420,20.198,1.5774,0.000,0.000
252.961,pretrain,0.0000,21.2618,7.7025,1.3801,-0.0414,19.857,1.5764,0.000,0.000
253.061,pretrain,0.0000,21.2618,7.7025,1.3801,-0.0414,19.857,1.5764,0.000,0.000
253.161,pretrain,0.0000,606.3490,7.5776,1.3922,-0.0409,19.527,1.5754,0.000,0.000
253.261,pretrain,0.0000,20.8685,7.6183,1.3922,-0.0409,19.527,1.5754,0.000,0.000
253.361,pretrain,0.0000,20.7133,7.5630,1.3922,-0.0409,19.527,1.5754,0.000,0.000
253.461,pretrain,0.0000,20.4390,7.6526,1.3999,-0.0403,19.175,1.5737,0.000,0.000
253.561,pretrain,0.0000,20.2976,7.5623,1.3999,-0.0403,19.175,1.5737,0.000,0.000
253.661,pretrain,0.0000,20.4350,7.5537,1.4042,-0.0398,18.846,1.5726,0.000,0.000
253.761,pretrain,0.0000,20.2340,7.5758,1.4042,-0.0398,18.846,1.5726,0.000,0.000
253.861,pretrain,0.0000,20.1434,7.5319,1.4042,-0.0398,18.846,1.5726,0.000,0.000
253.961,pretrain,0.0000,19.6940,7.5696,1.4075,-0.0394,18.494,1.5714,0.000,0.000
254.061,pretrain,0.0000,19.5505,7.5252,1.4075,-0.0394,18.494,1.5714,0.000,0.000
254.161,pretrain,0.0000,19.4430,7.5524,1.4040,-0.0340,18.164,1.5708,0.000,-1.000
254.261,pretrain,0.0000,19.4369,7.7369,1.4040,-0.0340,18.164,1.5708,0.000,-1.000
254.361,pretrain,0.0000,20.3681,7.9380,1.4040,-0.0340,18.164,1.5708,0.000,-1.000
254.461,pretrain,0.0000,19.7677,8.2616,1.1581,0.0143,17.857,1.5689,0.000,-1.000
254.561,pretrain,0.0000,19.8205,8.4571,1.1581,0.0143,17.857,1.5689,0.000,-1.000
254.664,pretrain,0.0000,19.8137,8.7782,1.0079,0.0611,17.615,1.5683,0.000,-1.000
254.761,pretrain,0.0000,342.2942,9.0993,1.0079,0.0611,17.615,1.5683,0.000,-1.000
254.861,pretrain,0.0000,342.2310,9.4224,1.0079,0.0611,17.615,1.5683,0.000,-1.000
254.961,pretrain,0.0000,342.5165,9.8738,0.8893,0.1121,17.384,1.5670,0.000,-1.000
255.061,pretrain,0.0000,702.7057,10.1943,0.8893,0.1121,17.384,1.5670,0.000,-1.000
255.161,pretrain,0.0000,710.9061,10.5850,0.8181,0.1489,17.187,1.5656,0.000,1.000
255.261,pretrain,0.0000,706.0436,10.2307,0.8181,0.1489,17.187,1.5656,0.000,1.000
255.361,pretrain,0.0000,342.1833,9.8218,0.8181,0.1489,17.187,1.5656,0.000,1.000
255.461,pretrain,0.0000,341.7170,9.4662,0.7590,0.1019,16.989,1.5656,0.000,1.000
255.563,pretrain,0.0000,341.7526,9.0420,0.7590,0.1019,16.989,1.5656,0.000,1.000
255.661,pretrain,0.0000,341.7526,9.0420,0.7230,0.0544,16.813,1.5648,0.000,1.000
255.761,pretrain,0.0000,18.5875,8.4688,0.7230,0.0544,16.813,1.5648,0.000,1.000
255.861,pretrain,0.0000,18.2213,8.1887,0.7230,0.0544,16.813,1.5648,0.000,1.000
255.961,pretrain,0.0000,17.9405,7.9084,0.6910,0.0028,16.637,1.5648,0.000,1.000
256.061,pretrain,0.0000,17.9788,7.6442,0.6910,0.0028,16.637,1.5648,0.000,1.000
256.163,pretrain,0.0000,17.7717,7.4148,0.6668,-0.0446,16.472,1.5640,0.000,1.000
256.261,pretrain,0.0000,17.2005,7.2851,0.6668,-0.0446,16.472,1.5640,0.000,1.000
256.361,pretrain,0.0000,16.9877,7.0152,0.6668,-0.0446,16.472,1.5640,0.000,1.000
256.461,pretrain,0.0000,16.7379,6.8944,0.6466,-0.0959,16.308,1.5640,0.000,-0.438
256.561,pretrain,0.0000,16.5436,6.6945,0.6466,-0.0959,16.308,1.5640,0.000,-0.438
256.661,pretrain,0.0000,16.8126,6.7923,0.6365,-0.0972,16.154,1.5632,0.000,-1.000
256.761,pretrain,0.0000,16.7713,7.0318,0.6365,-0.0972,16.154,1.5632,0.000,-1.000
256.866,pretrain,0.0000,16.8777,7.1769,0.6365,-0.0972,16.154,1.5632,0.000,-1.000
256.961,pretrain,0.0000,16.7942,7.4634,0.6133,-0.0466,16.000,1.5625,0.000,0.000
257.061,pretrain,0.0000,16.7311,7.3608,0.6133,-0.0466,16.000,1.5625,0.000,0.000
257.163,pretrain,0.0000,16.7705,7.3209,0.7889,-0.0461,15.824,1.5617,0.000,0.000
257.267,pretrain,0.0000,16.7705,7.3209,0.7889,-0.0461,15.824,1.5617,0.000,0.000
257.365,pretrain,0.0000,16.6172,7.3346,0.7889,-0.0461,15.824,1.5617,0.000,0.000
257.461,pretrain,0.0000,16.2974,7.4216,0.9970,-0.0464,15.583,1.5608,0.000,0.000
257.561,pretrain,0.0000,16.2027,7.3350,0.9970,-0.0464,15.583,1.5608,0.000,0.000
257.667,pretrain,0.0000,16.1461,7.3260,1.1369,-0.0464,15.319,1.5599,0.000,0.000
257.766,pretrain,0.0000,16.1461,7.3260,1.1369,-0.0464,15.319,1.5599,0.000,0.000
257.861,pretrain,0.0000,16.1685,7.3045,1.1369,-0.0464,15.319,1.5599,0.000,0.000
257.961,pretrain,0.0000,15.7185,7.3399,1.2414,-0.0464,15.001,1.5589,0.000,0.000
258.068,pretrain,0.0000,15.5841,7.2959,1.2414,-0.0464,15.001,1.5589,0.000,0.000
258.161,pretrain,0.0000,15.4059,7.2985,1.3012,-0.0464,14.704,1.5572,0.000,0.000
258.262,pretrain,0.0000,15.2627,7.3006,1.3012,-0.0464,14.704,1.5572,0.000,0.000
258.361,pretrain,0.0000,15.3369,7.2705,1.3012,-0.0464,14.704,1.5572,0.000,0.000
258.461,pretrain,0.0000,15.0699,7.3163,1.3437,-0.0464,14.364,1.5553,0.000,0.000
258.561,pretrain,0.0000,14.9404,7.2556,1.3437,-0.0464,14.364,1.5553,0.000,0.000
258.661,pretrain,0.0000,14.6739,7.2690,1.3684,-0.0464,14.035,1.5542,0.000,0.000
258.763,pretrain,0.0000,14.5297,7.2542,1.3684,-0.0464,14.035,1.5542,0.000,0.000
258.861,pretrain,0.0000,14.4386,7.2348,1.3684,-0.0464,14.035,1.5542,0.000,0.000
258.961,pretrain,0.0000,14.2720,7.2660,1.3858,-0.0464,13.683,1.5521,0.000,0.000
259.061,pretrain,0.0000,14.2984,7.2148,1.3858,-0.0464,13.683,1.5521,0.000,0.000
259.161,pretrain,0.0000,13.9354,7.2393,1.3964,-0.0464,13.365,1.5500,0.000,0.000
259.261,pretrain,0.0000,13.8009,7.2078,1.3964,-0.0464,13.365,1.5500,0.000,0.000
259.361,pretrain,0.0000,13.6200,7.2003,1.3964,-0.0464,13.365,1.5500,0.000,0.000
259.461,pretrain,0.0000,13.4593,7.2138,1.4041,-0.0465,13.003,1.5477,0.000,0.000
259.561,pretrain,0.0000,13.4766,7.1744,1.4041,-0.0465,13.003,1.5477,0.000,0.000
259.661,pretrain,0.0000,13.2311,7.2110,1.4084,-0.0465,12.674,1.5454,0.000,0.000
259.761,pretrain,0.0000,13.0815,7.1618,1.4084,-0.0465,12.674,1.5454,0.000,0.000
259.867,pretrain,0.0000,12.8332,7.1662,1.4084,-0.0465,12.674,1.5454,0.000,0.000
259.962,pretrain,0.0000,12.6785,7.1626,1.4111,-0.0465,12.312,1.5428,0.000,0.000
260.061,pretrain,0.0000,12.5806,7.1351,1.4111,-0.0465,12.312,1.5428,0.000,0.000
260.167,pretrain,0.0000,12.5156,7.1250,1.4124,-0.0465,11.983,1.5402,0.000,0.000
260.261,pretrain,0.0000,12.2895,7.1929,1.4124,-0.0465,11.983,1.5402,0.000,0.000
260.365,pretrain,0.0000,12.1389,7.1146,1.4124,-0.0465,11.983,1.5402,0.000,0.000
260.461,pretrain,0.0000,11.9105,7.1948,1.4135,-0.0465,11.622,1.5373,0.000,0.000
260.561,pretrain,0.0000,11.7594,7.1184,1.4135,-0.0465,11.622,1.5373,0.000,0.000
260.665,pretrain,0.0000,11.6278,7.0840,1.4142,-0.0465,11.293,1.5353,0.000,0.000
260.761,pretrain,0.0000,11.4774,7.1355,1.4142,-0.0465,11.293,1.5353,0.000,0.000
260.861,pretrain,0.0000,11.4365,7.0691,1.4142,-0.0465,11.293,1.5353,0.000,0.000
260.970,pretrain,0.0000,11.4365,7.0691,1.4143,-0.0466,10.931,1.5321,0.000,0.000
261.061,pretrain,0.0000,11.0108,7.0679,1.4143,-0.0466,10.931,1.5321,0.000,0.000
261.161,pretrain,0.0000,10.8276,7.0460,1.4137,-0.0466,10.602,1.5288,0.000,0.000
261.261,pretrain,0.0000,10.6767,7.0798,1.4137,-0.0466,10.602,1.5288,0.000,0.000
261.361,pretrain,0.0000,10.5941,7.0256,1.4137,-0.0466,10.602,1.5288,0.000,0.000
261.469,pretrain,0.0000,10.4211,7.1050,1.4133,-0.0466,10.241,1.5252,0.000,0.000
261.561,pretrain,0.0000,10.2885,7.0195,1.4133,-0.0466,10.241,1.5252,0.000,0.000
261.661,pretrain,0.0000,10.0563,7.0090,1.4131,-0.0466,9.913,1.5214,0.000,0.000
261.761,pretrain,0.0000,9.9117,7.0261,1.4131,-0.0466,9.913,1.5214,0.000,0.000
261.861,pretrain,0.0000,9.7710,6.9844,1.4131,-0.0466,9.913,1.5214,0.000,0.000
261.962,pretrain,0.0000,9.6308,7.0159,1.4126,-0.0466,9.553,1.5161,0.000,0.000
262.061,pretrain,0.0000,9.6298,6.9725,1.4126,-0.0466,9.553,1.5161,0.000,0.000
262.161,pretrain,0.0000,9.3901,6.9729,1.4123,-0.0466,9.225,1.5117,0.000,0.000
262.261,pretrain,0.0000,9.3001,6.9736,1.4123,-0.0466,9.225,1.5117,0.000,0.000
262.361,pretrain,0.0000,9.1680,6.9439,1.4123,-0.0466,9.225,1.5117,0.000,0.000
262.466,pretrain,0.0000,9.0345,6.9866,1.4121,-0.0465,8.864,1.5068,0.000,0.000
262.561,pretrain,0.0000,9.0357,6.9272,1.4121,-0.0465,8.864,1.5068,0.000,0.000
262.661,pretrain,0.0000,8.8065,6.9390,1.4117,-0.0465,8.537,1.5017,0.000,0.000
262.761,pretrain,0.0000,8.7950,6.9239,1.4117,-0.0465,8.537,1.5017,0.000,0.000
262.861,pretrain,0.0000,8.5858,6.9045,1.4117,-0.0465,8.537,1.5017,0.000,0.000
262.961,pretrain,0.0000,8.4981,6.9628,1.4110,-0.0465,8.177,1.4959,0.000,0.000
263.061,pretrain,0.0000,8.6773,6.9127,1.4110,-0.0465,8.177,1.4959,0.000,0.000
263.161,pretrain,0.0000,8.5228,6.9358,1.4102,-0.0465,7.850,1.4900,0.000,0.000
263.261,pretrain,0.0000,8.4854,6.9042,1.4102,-0.0465,7.850,1.4900,0.000,0.000
263.361,pretrain,0.0000,8.6139,6.8968,1.4102,-0.0465,7.850,1.4900,0.000,0.000
263.461,pretrain,0.0000,8.5280,6.9091,1.4096,-0.0465,7.490,1.4831,0.000,0.000
263.561,pretrain,0.0000,8.7272,6.8710,1.4096,-0.0465,7.490,1.4831,0.000,0.000
263.661,pretrain,0.0000,8.5904,6.9050,1.4092,-0.0464,7.164,1.4760,0.000,0.000
263.761,pretrain,0.0000,8.5690,6.8578,1.4092,-0.0464,7.164,1.4760,0.000,0.000
263.861,pretrain,0.0000,8.6741,6.8612,1.4092,-0.0464,7.164,1.4760,0.000,0.000
263.961,pretrain,0.0000,8.6052,6.8573,1.4085,-0.0464,6.805,1.4677,0.000,0.000
264.061,pretrain,0.0000,8.7797,6.8307,1.4085,-0.0464,6.805,1.4677,0.000,0.000
264.161,pretrain,0.0000,641.4960,6.8200,1.4083,-0.0464,6.480,1.4590,0.000,0.000
264.261,pretrain,0.0000,686.3488,6.8846,1.4083,-0.0464,6.480,1.4590,0.000,0.000
264.361,pretrain,0.0000,641.1700,6.8094,1.4083,-0.0464,6.480,1.4590,0.000,0.000
264.461,pretrain,0.0000,643.2678,6.8847,1.4081,-0.0464,6.122,1.4488,0.000,0.000
264.561,pretrain,0.0000,648.0291,6.8115,1.4081,-0.0464,6.122,1.4488,0.000,0.000
264.661,pretrain,0.0000,641.6183,6.7784,1.4079,-0.0464,5.798,1.4381,0.000,0.000
264.761,pretrain,0.0000,687.0565,6.8261,1.4079,-0.0464,5.798,1.4381,0.000,0.000
264.861,pretrain,0.0000,640.8093,6.7637,1.4079,-0.0464,5.798,1.4381,0.000,0.000
264.961,pretrain,0.0000,643.8326,6.8555,1.4074,-0.0463,5.440,1.4272,0.000,0.000
265.067,pretrain,0.0000,640.7468,6.7607,1.4074,-0.0463,5.440,1.4272,0.000,0.000
265.161,pretrain,0.0000,641.8823,6.7391,1.4073,-0.0463,5.118,1.4137,0.000,0.000
265.261,pretrain,0.0000,675.4787,6.7706,1.4073,-0.0463,5.118,1.4137,0.000,0.000
265.361,pretrain,0.0000,640.7460,6.7193,1.4073,-0.0463,5.118,1.4137,0.000,0.000
265.461,pretrain,0.0000,646.5970,6.7945,1.4071,-0.0463,4.764,1.3972,0.000,0.000
265.561,pretrain,0.0000,640.3967,6.7120,1.4071,-0.0463,4.764,1.3972,0.000,0.000
265.667,pretrain,0.0000,642.2531,6.7012,1.4070,-0.0463,4.444,1.3795,0.000,0.000
265.761,pretrain,0.0000,675.4539,6.7174,1.4070,-0.0463,4.444,1.3795,0.000,0.000
265.861,pretrain,0.0000,640.8223,6.6768,1.4070,-0.0463,4.444,1.3795,0.000,0.000
265.961,pretrain,0.0000,684.6884,6.7065,1.4071,-0.0463,4.093,1.3573,0.000,0.000
266.061,pretrain,0.0000,640.1861,6.6647,1.4071,-0.0463,4.093,1.3573,0.000,0.000
266.161,pretrain,0.0000,642.7325,6.6647,1.4071,-0.0463,3.777,1.3330,0.000,0.000
266.261,pretrain,0.0000,643.6902,6.6651,1.4071,-0.0463,3.777,1.3330,0.000,0.000
266.361,pretrain,0.0000,641.0060,6.6360,1.4071,-0.0463,3.777,1.3330,0.000,0.000
266.461,pretrain,0.0000,685.4106,6.6766,1.4071,-0.0462,3.431,1.3018,0.000,0.000
266.561,pretrain,0.0000,640.0813,6.6190,1.4071,-0.0462,3.431,1.3018,0.000,0.000
266.661,pretrain,0.0000,643.3237,6.6303,1.4069,-0.0462,3.121,1.2669,0.000,0.000
266.761,pretrain,0.0000,639.9458,6.6151,1.4069,-0.0462,3.121,1.2669,0.000,0.000
266.861,pretrain,0.0000,641.2963,6.5967,1.4069,-0.0462,3.121,1.2669,0.000,0.000
266.961,pretrain,0.0000,673.6917,6.6230,1.4069,-0.0462,2.785,1.2203,0.000,0.000
267.061,pretrain,0.0000,640.0834,6.5756,1.4069,-0.0462,2.785,1.2203,0.000,0.000
267.161,pretrain,0.0000,649.8016,6.5969,1.4069,-0.0462,2.486,1.1663,0.000,0.000
267.261,pretrain,0.0000,639.6584,6.5667,1.4069,-0.0462,2.486,1.1663,0.000,0.000
267.361,pretrain,0.0000,641.6939,6.5587,1.4069,-0.0462,2.486,1.1663,0.000,0.000
267.461,pretrain,0.0000,673.7420,6.5701,1.4068,-0.0462,2.168,1.0910,0.000,0.000
267.561,pretrain,0.0000,640.1872,6.5334,1.4068,-0.0462,2.168,1.0910,0.000,0.000
267.661,pretrain,0.0000,683.0270,6.5647,1.4071,-0.0461,1.893,1.0000,0.000,0.000
267.761,pretrain,0.0000,639.4768,6.5199,1.4071,-0.0461,1.893,1.0000,0.000,0.000
267.861,pretrain,0.0000,642.2032,6.5227,1.4071,-0.0461,1.893,1.0000,0.000,0.000
267.961,pretrain,0.0000,640.7994,6.5192,1.4074,-0.0461,1.615,0.8667,0.000,0.000
268.061,pretrain,0.0000,640.3964,6.4926,1.4074,-0.0461,1.615,0.8667,0.000,0.000
268.161,pretrain,0.0000,639.7476,6.4822,1.4075,-0.0461,29.881,1.6326,0.000,0.000
268.261,pretrain,0.0000,681.6960,6.5434,1.4075,-0.0461,29.881,1.6326,0.000,0.000
268.361,pretrain,0.0000,639.1879,6.4712,1.4075,-0.0461,29.881,1.6326,0.000,0.000
268.461,pretrain,0.0000,641.5498,6.5725,1.4072,-0.0461,29.517,1.6326,0.000,0.000
268.561,pretrain,0.0000,647.4113,6.5017,1.4072,-0.0461,29.517,1.6326,0.000,0.000
268.661,pretrain,0.0000,639.9039,6.4701,1.4072,-0.0461,29.187,1.6329,0.000,0.000
268.761,pretrain,0.0000,682.4191,6.5158,1.4072,-0.0461,29.187,1.6329,0.000,0.000
268.861,pretrain,0.0000,639.0575,6.4546,1.4072,-0.0461,29.187,1.6329,0.000,0.000
268.961,pretrain,0.0000,642.5435,6.5424,1.4075,-0.0461,28.824,1.6329,0.000,0.000
269.061,pretrain,0.0000,638.9982,6.4514,1.4075,-0.0461,28.824,1.6329,0.000,0.000
269.163,pretrain,0.0000,640.1622,6.4297,1.4074,-0.0461,28.494,1.6329,0.000,0.000
269.261,pretrain,0.0000,670.5737,6.4601,1.4074,-0.0461,28.494,1.6329,0.000,0.000
269.361,pretrain,0.0000,639.0280,6.4098,1.4074,-0.0461,28.494,1.6329,0.000,0.000
269.461,pretrain,0.0000,646.0618,6.4821,1.4076,-0.0461,28.130,1.6329,0.000,0.000
269.561,pretrain,0.0000,638.6825,6.4027,1.4076,-0.0461,28.130,1.6329,0.000,0.000
269.661,pretrain,0.0000,640.6362,6.3917,1.4081,-0.0461,27.789,1.6329,0.000,0.000
269.761,pretrain,0.0000,670.6420,6.4070,1.4081,-0.0461,27.789,1.6329,0.000,0.000
269.861,pretrain,0.0000,639.1061,6.3677,1.4081,-0.0461,27.789,1.6329,0.000,0.000
269.961,pretrain,0.0000,680.0388,6.3959,1.4084,-0.0461,27.437,1.6328,0.000,0.000
270.061,pretrain,0.0000,638.4712,6.3552,1.4084,-0.0461,27.437,1.6328,0.000,0.000
270.161,pretrain,0.0000,641.5257,6.3546,1.4083,-0.0461,27.095,1.6328,0.000,0.000
270.261,pretrain,0.0000,642.6837,6.3549,1.4083,-0.0461,27.095,1.6328,0.000,0.000
270.362,pretrain,0.0000,639.2840,6.3258,1.4083,-0.0461,27.095,1.6328,0.000,0.000
270.461,pretrain,0.0000,680.7565,6.3652,1.4088,-0.0461,26.732,1.6328,0.000,0.000
270.561,pretrain,0.0000,638.3674,6.3099,1.4088,-0.0461,26.732,1.6328,0.000,0.000
270.661,pretrain,0.0000,642.5688,6.3201,1.4091,-0.0461,26.402,1.6327,0.000,0.000
270.761,pretrain,0.0000,638.2325,6.3056,1.4091,-0.0461,26.402,1.6327,0.000,0.000
270.861,pretrain,0.0000,639.8151,6.2874,1.4091,-0.0461,26.402,1.6327,0.000,0.000
270.961,pretrain,0.0000,668.7886,6.3124,1.4091,-0.0460,26.038,1.6328,0.000,0.000
271.061,pretrain,0.0000,638.3655,6.2659,1.4091,-0.0460,26.038,1.6328,0.000,0.000
271.161,pretrain,0.0000,653.3295,6.2861,1.4089,-0.0460,25.708,1.6327,0.000,0.000
271.261,pretrain,0.0000,637.9437,6.2571,1.4089,-0.0460,25.708,1.6327,0.000,0.000
271.361,pretrain,0.0000,640.5937,6.2491,1.4089,-0.0460,25.708,1.6327,0.000,0.000
271.461,pretrain,0.0000,668.9328,6.2596,1.4091,-0.0460,25.345,1.6327,0.000,0.000
271.561,pretrain,0.0000,638.5522,6.2241,1.4091,-0.0460,25.345,1.6327,0.000,0.000
271.661,pretrain,0.0000,7.7302,6.2540,1.4092,-0.0460,25.014,1.6326,0.000,0.000
271.761,pretrain,0.0000,7.5966,6.2106,1.4092,-0.0460,25.014,1.6326,0.000,0.000
271.861,pretrain,0.0000,7.4324,6.2130,1.4092,-0.0460,25.014,1.6326,0.000,0.000
271.965,pretrain,0.0000,7.3518,6.2086,1.4090,-0.0460,24.651,1.6326,0.000,0.000
272.061,pretrain,0.0000,7.1330,6.1835,1.4090,-0.0460,24.651,1.6326,0.000,0.000
272.161,pretrain,0.0000,6.9599,6.1733,1.4090,-0.0460,24.321,1.6326,0.000,0.000
272.261,pretrain,0.0000,6.8105,6.2308,1.4090,-0.0460,24.321,1.6326,0.000,0.000
272.361,pretrain,0.0000,6.6455,6.1613,1.4090,-0.0460,24.321,1.6326,0.000,0.000
272.461,pretrain,0.0000,6.5043,6.2301,1.4091,-0.0460,23.957,1.6326,0.000,0.000
272.561,pretrain,0.0000,6.3833,6.1620,1.4091,-0.0460,23.957,1.6326,0.000,0.000
272.661,pretrain,0.0000,6.2028,6.1317,1.4090,-0.0460,23.627,1.6325,0.000,0.000
272.761,pretrain,0.0000,6.0697,6.1745,1.4090,-0.0460,23.627,1.6325,0.000,0.000
272.861,pretrain,0.0000,5.8838,6.1162,1.4090,-0.0460,23.627,1.6325,0.000,0.000
272.961,pretrain,0.0000,5.7311,6.1987,1.4093,-0.0460,23.263,1.6325,0.000,0.000
273.061,pretrain,0.0000,5.5690,6.1120,1.4093,-0.0460,23.263,1.6325,0.000,0.000
273.161,pretrain,0.0000,5.4152,5.8297,1.4093,-0.0460,22.933,1.6324,0.000,0.000
273.261,pretrain,0.0000,5.2763,5.6614,1.4093,-0.0460,22.933,1.6324,0.000,0.000
273.361,pretrain,0.0000,5.1100,5.5368,1.4093,-0.0460,22.933,1.6324,0.000,0.000
273.461,pretrain,0.0000,4.9834,5.3249,1.4093,-0.0460,22.570,1.6324,0.000,0.000
273.561,pretrain,0.0000,4.8009,5.1723,1.4093,-0.0460,22.570,1.6324,0.000,0.000
273.661,pretrain,0.0000,4.6559,5.0064,1.4091,-0.0460,22.239,1.6323,0.000,0.000
273.761,pretrain,0.0000,4.4860,4.8368,1.4091,-0.0460,22.239,1.6323,0.000,0.000
273.861,pretrain,0.0000,4.3346,4.7074,1.4091,-0.0460,22.239,1.6323,0.000,0.000
273.961,pretrain,0.0000,4.1806,4.4996,1.4092,-0.0460,21.876,1.6323,0.000,0.000
274.061,pretrain,0.0000,4.0204,4.3302,1.4092,-0.0460,21.876,1.6323,0.000,0.000
274.161,pretrain,0.0000,3.9150,4.1866,1.4091,-0.0460,21.546,1.6322,0.000,0.000
274.261,pretrain,0.0000,3.7077,3.9999,1.4091,-0.0460,21.546,1.6322,0.000,0.000
274.361,pretrain,0.0000,3.5852,3.8380,1.4091,-0.0460,21.546,1.6322,0.000,0.000
274.461,pretrain,0.0000,3.3961,3.6636,1.4089,-0.0460,21.182,1.6323,0.000,0.000
274.561,pretrain,0.0000,3.2687,3.5017,1.4089,-0.0460,21.182,1.6323,0.000,0.000
274.661,pretrain,0.0000,642.7783,6.0106,1.4087,-0.0460,20.852,1.6322,0.000,0.000
274.761,pretrain,0.0000,637.1129,5.9962,1.4087,-0.0460,20.852,1.6322,0.000,0.000
274.861,pretrain,0.0000,639.1474,5.9790,1.4087,-0.0460,20.852,1.6322,0.000,0.000
274.961,pretrain,0.0000,663.8834,6.0021,1.4087,-0.0460,20.489,1.6322,0.000,0.000
275.061,pretrain,0.0000,637.5091,5.9572,1.4087,-0.0460,20.489,1.6322,0.000,0.000
275.161,pretrain,0.0000,673.0085,5.9763,1.4086,-0.0460,20.158,1.6321,0.000,0.000
275.261,pretrain,0.0000,636.9531,5.9484,1.4086,-0.0460,20.158,1.6321,0.000,0.000
275.361,pretrain,0.0000,640.3004,5.9402,1.4086,-0.0460,20.158,1.6321,0.000,0.000
275.461,pretrain,0.0000,664.0504,5.9497,1.4086,-0.0460,19.795,1.6321,0.000,0.000
275.561,pretrain,0.0000,637.8849,5.9154,1.4086,-0.0460,19.795,1.6321,0.000,0.000
275.661,pretrain,0.0000,673.7201,5.9435,1.4090,-0.0460,19.454,1.6326,0.000,0.000
275.761,pretrain,0.0000,636.9363,5.9016,1.4090,-0.0460,19.454,1.6326,0.000,0.000
275.863,pretrain,0.0000,642.2735,5.9036,1.4090,-0.0460,19.454,1.6326,0.000,0.000
275.961,pretrain,0.0000,637.0491,5.9012,1.1238,-0.0460,19.113,1.6325,0.000,0.000
276.061,pretrain,0.0000,638.4508,5.8782,1.1238,-0.0460,19.113,1.6325,0.000,0.000
276.165,pretrain,0.0000,637.5693,5.8705,0.9306,-0.0460,18.870,1.6321,0.000,0.000
276.261,pretrain,0.0000,673.7145,5.9278,0.9306,-0.0460,18.870,1.6321,0.000,0.000
276.361,pretrain,0.0000,636.8072,5.8648,0.9306,-0.0460,18.870,1.6321,0.000,0.000
276.461,pretrain,0.0000,641.0863,5.9324,0.7817,-0.0460,18.661,1.6322,0.000,0.000
276.561,pretrain,0.0000,637.2020,5.8718,0.7817,-0.0460,18.661,1.6322,0.000,0.000
276.661,pretrain,0.0000,638.0460,5.8460,0.6654,-0.0460,18.496,1.6322,0.000,0.000
276.761,pretrain,0.0000,675.2018,5.8916,0.6654,-0.0460,18.496,1.6322,0.000,0.000
276.861,pretrain,0.0000,636.9072,5.8400,0.6654,-0.0460,18.496,1.6322,0.000,0.000
276.961,pretrain,0.0000,643.0219,5.9241,0.5669,-0.0459,18.342,1.6321,0.000,0.000
277.061,pretrain,0.0000,636.8411,5.8458,0.5669,-0.0459,18.342,1.6321,0.000,0.000
277.161,pretrain,0.0000,638.9937,5.8310,0.4896,-0.0459,18.220,1.6319,0.000,0.000
277.261,pretrain,0.0000,662.5902,5.8635,0.4896,-0.0459,18.220,1.6319,0.000,0.000
277.361,pretrain,0.0000,637.1648,5.8228,0.4896,-0.0459,18.220,1.6319,0.000,0.000
277.461,pretrain,0.0000,672.3608,5.8934,0.4206,-0.0458,18.110,1.6316,0.000,0.000
277.561,pretrain,0.0000,636.7078,5.8260,0.4206,-0.0458,18.110,1.6316,0.000,0.000
277.661,pretrain,0.0000,640.1806,5.8216,0.3689,-0.0458,18.022,1.6319,0.000,0.000
277.761,pretrain,0.0000,663.2106,5.8410,0.3689,-0.0458,18.022,1.6319,0.000,0.000
277.861,pretrain,0.0000,637.5708,5.8107,0.3689,-0.0458,18.022,1.6319,0.000,0.000
277.962,pretrain,0.0000,673.5988,5.8419,0.3221,-0.0458,17.934,1.6316,0.000,0.000
278.063,pretrain,0.0000,636.7248,5.8111,0.3221,-0.0458,17.934,1.6316,0.000,0.000
278.161,pretrain,0.0000,641.5724,5.8166,0.2863,-0.0457,17.868,1.6318,0.000,0.000
278.269,pretrain,0.0000,636.9557,5.8230,0.2863,-0.0457,17.868,1.6318,0.000,0.000
278.361,pretrain,0.0000,638.3365,5.8027,0.2863,-0.0457,17.868,1.6318,0.000,0.000
278.461,pretrain,0.0000,661.2431,5.8441,0.2538,-0.0457,17.802,1.6320,0.000,0.000
278.561,pretrain,0.0000,636.8912,5.8001,0.2538,-0.0457,17.802,1.6320,0.000,0.000
278.661,pretrain,0.0000,671.0962,5.8154,0.2538,-0.0457,17.747,1.6316,0.000,0.000
278.762,pretrain,0.0000,636.7288,5.8087,0.2286,-0.0456,17.747,1.6316,0.000,0.000
278.861,pretrain,0.0000,639.3581,5.7982,0.2286,-0.0456,17.747,1.6316,0.000,0.000
278.961,pretrain,0.0000,661.8708,5.8287,0.2050,-0.0456,17.692,1.6318,0.000,0.000
279.061,pretrain,0.0000,637.2029,5.7922,0.2050,-0.0456,17.692,1.6318,0.000,0.000
279.161,pretrain,0.0000,672.4243,5.8172,0.1861,-0.0455,17.648,1.6320,0.000,0.000
279.261,pretrain,0.0000,636.6494,5.7974,0.1861,-0.0455,17.648,1.6320,0.000,0.000
279.361,pretrain,0.0000,640.5846,5.7966,0.1861,-0.0455,17.648,1.6320,0.000,0.000
279.461,pretrain,0.0000,644.0945,5.8137,0.1684,-0.0455,17.604,1.6321,0.000,0.000
279.561,pretrain,0.0000,637.7633,5.7870,0.1684,-0.0455,17.604,1.6321,0.000,0.000
279.661,pretrain,0.0000,673.7716,5.8219,0.1542,-0.0455,17.560,1.6316,0.000,0.000
279.761,pretrain,0.0000,636.7162,5.7886,0.1542,-0.0455,17.560,1.6316,0.000,0.000
279.867,pretrain,0.0000,642.0199,5.7975,0.1542,-0.0455,17.560,1.6316,0.000,0.000
279.961,pretrain,0.0000,636.8460,5.8012,0.1408,-0.0455,17.527,1.6317,0.000,0.000
280.061,pretrain,0.0000,638.6270,5.7844,0.1408,-0.0455,17.527,1.6317,0.000,0.000
280.161,pretrain,0.0000,637.4101,5.7820,0.1301,-0.0455,17.494,1.6319,0.000,0.000
280.261,pretrain,0.0000,672.8744,5.8438,0.1301,-0.0455,17.494,1.6319,0.000,0.000
280.361,pretrain,0.0000,636.6483,5.7860,0.1301,-0.0455,17.494,1.6319,0.000,0.000
280.461,pretrain,0.0000,641.2534,5.8570,0.1200,-0.0455,17.472,1.6319,0.000,0.000
280.561,pretrain,0.0000,637.4197,5.8011,0.1200,-0.0455,17.472,1.6319,0.000,0.000
280.661,pretrain,0.0000,638.1627,5.7794,0.1120,-0.0455,17.439,1.6320,0.000,0.000
280.761,pretrain,0.0000,674.2462,5.8276,0.1120,-0.0455,17.439,1.6320,0.000,0.000
280.861,pretrain,0.0000,636.7866,5.7797,0.1120,-0.0455,17.439,1.6320,0.000,0.000
280.961,pretrain,0.0000,643.8511,5.8658,0.1044,-0.0455,17.417,1.6321,0.000,0.000
281.061,pretrain,0.0000,636.7319,5.7910,0.1044,-0.0455,17.417,1.6321,0.000,0.000
281.161,pretrain,0.0000,639.1191,5.7789,0.1044,-0.0455,17.395,1.6322,0.000,0.000
281.261,pretrain,0.0000,661.8672,5.8135,0.0980,-0.0455,17.395,1.6322,0.000,0.000
281.361,pretrain,0.0000,637.0703,5.7754,0.0980,-0.0455,17.395,1.6322,0.000,0.000
281.461,pretrain,0.0000,671.6622,5.8477,0.0914,-0.0455,17.384,1.6322,0.000,0.000
281.561,pretrain,0.0000,636.6216,5.7830,0.0914,-0.0455,17.384,1.6322,0.000,0.000
281.661,pretrain,0.0000,640.2818,5.7803,0.0914,-0.0455,17.362,1.6323,0.000,0.000
281.761,pretrain,0.0000,662.6252,5.8015,0.0860,-0.0456,17.362,1.6323,0.000,0.000
281.862,pretrain,0.0000,637.6074,5.7730,0.0860,-0.0456,17.362,1.6323,0.000,0.000
281.961,pretrain,0.0000,673.2652,5.8058,0.0805,-0.0456,17.351,1.6324,0.000,0.000
282.061,pretrain,0.0000,636.6561,5.7767,0.0805,-0.0456,17.351,1.6324,0.000,0.000
282.161,pretrain,0.0000,641.6540,5.7835,0.0805,-0.0456,17.329,1.6324,0.000,0.000
282.261,pretrain,0.0000,636.8925,5.7914,0.0762,-0.0457,17.329,1.6324,0.000,0.000
282.361,pretrain,0.0000,638.4105,5.7724,0.0762,-0.0457,17.329,1.6324,0.000,0.000
282.462,pretrain,0.0000,660.8152,5.8148,0.0722,-0.0457,17.318,1.6325,0.000,0.000
282.562,pretrain,0.0000,636.8353,5.7722,0.0722,-0.0457,17.318,1.6325,0.000,0.000
282.661,pretrain,0.0000,670.6952,5.7886,0.0722,-0.0457,17.307,1.6319,0.000,0.000
282.768,pretrain,0.0000,636.6774,5.7830,0.0689,-0.0458,17.307,1.6319,0.000,0.000
282.861,pretrain,0.0000,639.4185,5.7736,0.0689,-0.0458,17.307,1.6319,0.000,0.000
282.963,pretrain,0.0000,661.5219,5.8049,0.0658,-0.0458,17.296,1.6319,0.000,0.000
283.061,pretrain,0.0000,637.1576,5.7695,0.0658,-0.0458,17.296,1.6319,0.000,0.000
283.161,pretrain,0.0000,672.0982,5.7954,0.0658,-0.0458,17.285,1.6319,0.000,0.000
283.262,pretrain,0.0000,636.6073,5.7764,0.0625,-0.0458,17.285,1.6319,0.000,0.000
283.369,pretrain,0.0000,640.6339,5.7764,0.0625,-0.0458,17.285,1.6319,0.000,0.000
283.464,pretrain,0.0000,640.6339,5.7764,0.0595,-0.0459,17.274,1.6320,0.000,0.000
283.561,pretrain,0.0000,637.8088,5.7685,0.0595,-0.0459,17.274,1.6320,0.000,0.000
283.661,pretrain,0.0000,673.5040,5.8039,0.0595,-0.0459,17.263,1.6320,0.000,0.000
283.761,pretrain,0.0000,636.6818,5.7715,0.0570,-0.0459,17.263,1.6320,0.000,0.000
283.865,pretrain,0.0000,642.0604,5.7809,0.0570,-0.0459,17.263,1.6320,0.000,0.000
283.961,pretrain,0.0000,636.8143,5.7854,0.0546,-0.0460,17.263,1.6320,0.000,0.000
284.064,pretrain,0.0000,638.6643,5.7691,0.0546,-0.0460,17.263,1.6320,0.000,0.000
284.161,pretrain,0.0000,637.4457,5.7674,0.0546,-0.0460,17.252,1.6321,0.000,0.000
284.261,pretrain,0.0000,672.6625,5.8295,0.0521,-0.0460,17.252,1.6321,0.000,0.000
284.361,pretrain,0.0000,636.6210,5.7724,0.0521,-0.0460,17.252,1.6321,0.000,0.000
284.463,pretrain,0.0000,641.2855,5.8438,0.0499,-0.0461,17.252,1.6321,0.000,0.000
284.568,pretrain,0.0000,637.4505,5.7885,0.0499,-0.0461,17.252,1.6321,0.000,0.000
284.662,pretrain,0.0000,638.1926,5.7672,0.0482,-0.0461,17.241,1.6321,0.000,0.000
284.761,pretrain,0.0000,674.0709,5.8158,0.0482,-0.0461,17.241,1.6321,0.000,0.000
284.861,pretrain,0.0000,636.7639,5.7685,0.0482,-0.0461,17.241,1.6321,0.000,0.000
284.961,pretrain,0.0000,644.0171,5.8549,0.0465,-0.0462,17.241,1.6321,0.000,0.000
285.066,pretrain,0.0000,636.7111,5.7806,0.0465,-0.0462,17.241,1.6321,0.000,0.000
285.161,pretrain,0.0000,639.1438,5.7688,0.0465,-0.0462,17.230,1.6321,0.000,0.000
285.261,pretrain,0.0000,661.7246,5.8038,0.0450,-0.0462,17.230,1.6321,0.000,0.000
285.361,pretrain,0.0000,637.0518,5.7661,0.0450,-0.0462,17.230,1.6321,0.000,0.000
285.461,pretrain,0.0000,671.7377,5.8386,0.0435,-0.0462,17.230,1.6321,0.000,0.000
285.562,pretrain,0.0000,636.6042,5.7743,0.0435,-0.0462,17.230,1.6321,0.000,0.000
285.661,pretrain,0.0000,640.3022,5.7720,0.0421,-0.0463,17.230,1.6321,0.000,0.000
285.761,pretrain,0.0000,662.5067,5.7934,0.0421,-0.0463,17.230,1.6321,0.000,0.000
285.861,pretrain,0.0000,637.6262,5.7653,0.0421,-0.0463,17.230,1.6321,0.000,0.000
285.964,pretrain,0.0000,637.6262,5.7653,0.0406,-0.0463,17.219,1.6322,0.000,0.000
286.061,pretrain,0.0000,636.6416,5.7695,0.0406,-0.0463,17.219,1.6322,0.000,0.000
286.161,pretrain,0.0000,641.6710,5.7766,0.0390,-0.0463,17.218,1.6315,0.000,0.000
286.261,pretrain,0.0000,636.8790,5.7847,0.0390,-0.0463,17.218,1.6315,0.000,0.000
286.361,pretrain,0.0000,638.4264,5.7660,0.0390,-0.0463,17.218,1.6315,0.000,0.000
286.461,pretrain,0.0000,660.7239,5.8086,0.0374,-0.0464,17.218,1.6315,0.000,0.000
286.565,pretrain,0.0000,636.8234,5.7663,0.0374,-0.0464,17.218,1.6315,0.000,0.000
286.661,pretrain,0.0000,670.6090,5.7828,0.0363,-0.0464,17.218,1.6315,0.000,0.000
286.764,pretrain,0.0000,636.6663,5.7775,0.0363,-0.0464,17.218,1.6315,0.000,0.000
286.865,pretrain,0.0000,639.4316,5.7683,0.0363,-0.0464,17.218,1.6315,0.000,0.000
286.961,pretrain,0.0000,661.4456,5.7997,0.0354,-0.0464,17.218,1.6315,0.000,0.000
287.061,pretrain,0.0000,637.1689,5.7646,0.0354,-0.0464,17.218,1.6315,0.000,0.000
287.161,pretrain,0.0000,672.0265,5.7906,0.0354,-0.0464,17.218,1.6315,0.000,0.000
287.261,pretrain,0.0000,636.5980,5.7718,0.0342,-0.0464,17.207,1.6316,0.000,0.000
287.361,pretrain,0.0000,640.6449,5.7720,0.0342,-0.0464,17.207,1.6316,0.000,0.000
287.466,pretrain,0.0000,644.4584,5.7900,0.0333,-0.0464,17.207,1.6316,0.000,0.000
287.561,pretrain,0.0000,637.8187,5.7644,0.0333,-0.0464,17.207,1.6316,0.000,0.000
287.669,pretrain,0.0000,637.8187,5.7644,0.0328,-0.0464,17.207,1.6316,0.000,0.000
287.761,pretrain,0.0000,636.6740,5.7676,0.0328,-0.0464,17.207,1.6316,0.000,0.000
287.861,pretrain,0.0000,642.0696,5.7772,0.0328,-0.0464,17.207,1.6316,0.000,0.000
287.961,pretrain,0.0000,636.8071,5.7818,0.0323,-0.0465,17.207,1.6316,0.000,0.000
288.061,pretrain,0.0000,638.6727,5.7656,0.0323,-0.0465,17.207,1.6316,0.000,0.000
288.164,pretrain,0.0000,637.4539,5.7640,0.0323,-0.0465,17.207,1.6316,0.000,0.000
288.261,pretrain,0.0000,672.6140,5.8262,0.0318,-0.0465,17.207,1.6316,0.000,0.000
288.361,pretrain,0.0000,636.6149,5.7693,0.0318,-0.0465,17.207,1.6316,0.000,0.000
288.461,pretrain,0.0000,641.2929,5.8407,0.0313,-0.0465,17.207,1.6316,0.000,0.000
288.561,pretrain,0.0000,637.4576,5.7856,0.0313,-0.0465,17.207,1.6316,0.000,0.000
288.661,pretrain,0.0000,638.1993,5.7645,0.0313,-0.0465,17.207,1.6316,0.000,0.000
288.762,pretrain,0.0000,638.1993,5.7645,0.0310,-0.0465,17.196,1.6316,0.000,0.000
288.862,pretrain,0.0000,636.7587,5.7659,0.0310,-0.0465,17.196,1.6316,0.000,0.000
288.965,pretrain,0.0000,644.0558,5.8523,0.0306,-0.0465,17.196,1.6316,0.000,0.000
289.061,pretrain,0.0000,636.7063,5.7782,0.0306,-0.0465,17.196,1.6316,0.000,0.000
289.161,pretrain,0.0000,639.1494,5.7665,0.0306,-0.0465,17.196,1.6316,0.000,0.000
289.265,pretrain,0.0000,661.6913,5.8015,0.0299,-0.0465,17.196,1.6316,0.000,0.000
289.361,pretrain,0.0000,637.0472,5.7639,0.0299,-0.0465,17.196,1.6316,0.000,0.000
289.461,pretrain,0.0000,671.7064,5.8364,0.0294,-0.0465,17.196,1.6316,0.000,0.000
289.561,pretrain,0.0000,636.6002,5.7723,0.0294,-0.0465,17.196,1.6316,0.000,0.000
289.661,pretrain,0.0000,640.3071,5.7700,0.0294,-0.0465,17.196,1.6316,0.000,0.000
289.761,pretrain,0.0000,662.4786,5.7915,0.0294,-0.0465,17.196,1.6316,0.000,0.000
289.861,pretrain,0.0000,637.6306,5.7635,0.0294,-0.0465,17.196,1.6316,0.000,0.000
289.961,pretrain,0.0000,673.1268,5.7965,0.0296,-0.0465,17.196,1.6316,0.000,0.000
290.061,pretrain,0.0000,636.6381,5.7678,0.0296,-0.0465,17.196,1.6316,0.000,0.000
290.161,pretrain,0.0000,641.6750,5.7750,0.0296,-0.0465,17.196,1.6316,0.000,0.000
290.265,pretrain,0.0000,636.8759,5.7831,0.0295,-0.0465,17.196,1.6316,0.000,0.000
290.361,pretrain,0.0000,638.4300,5.7645,0.0295,-0.0465,17.196,1.6316,0.000,0.000
290.461,pretrain,0.0000,660.7022,5.8071,0.0295,-0.0465,17.196,1.6316,0.000,0.000
290.561,pretrain,0.0000,636.8205,5.7649,0.0295,-0.0465,17.196,1.6316,0.000,0.000
290.661,pretrain,0.0000,670.5886,5.7814,0.0295,-0.0465,17.196,1.6316,0.000,0.000
290.761,pretrain,0.0000,636.6636,5.7761,0.0295,-0.0465,17.196,1.6316,0.000,0.000
290.861,pretrain,0.0000,639.4347,5.7670,0.0295,-0.0465,17.196,1.6316,0.000,0.000
290.961,pretrain,0.0000,661.4274,5.7985,0.0296,-0.0465,17.196,1.6316,0.000,0.000
291.061,pretrain,0.0000,637.1718,5.7634,0.0296,-0.0465,17.196,1.6316,0.000,0.000
291.161,pretrain,0.0000,672.0094,5.7894,0.0296,-0.0465,17.196,1.6316,0.000,0.000
291.261,pretrain,0.0000,636.5957,5.7707,0.0292,-0.0465,17.196,1.6316,0.000,0.000
291.361,pretrain,0.0000,640.6476,5.7709,0.0292,-0.0465,17.196,1.6316,0.000,0.000
291.461,pretrain,0.0000,644.4742,5.7889,0.0290,-0.0465,17.196,1.6316,0.000,0.000
291.561,pretrain,0.0000,637.8214,5.7634,0.0290,-0.0465,17.196,1.6316,0.000,0.000
291.661,pretrain,0.0000,673.4292,5.7989,0.0290,-0.0465,17.196,1.6316,0.000,0.000
291.761,pretrain,0.0000,636.6722,5.7667,0.0288,-0.0465,17.196,1.6316,0.000,0.000
291.863,pretrain,0.0000,642.0717,5.7763,0.0288,-0.0465,17.196,1.6316,0.000,0.000
291.961,pretrain,0.0000,636.8053,5.7809,0.0286,-0.0465,17.196,1.6316,0.000,0.000
292.061,pretrain,0.0000,638.6747,5.7648,0.0286,-0.0465,17.196,1.6316,0.000,0.000
292.161,pretrain,0.0000,637.4560,5.7632,0.0286,-0.0465,17.196,1.6316,0.000,0.000
292.261,pretrain,0.0000,672.6023,5.8255,0.0281,-0.0465,17.196,1.6316,0.000,0.000
292.361,pretrain,0.0000,636.6133,5.7685,0.0281,-0.0465,17.196,1.6316,0.000,0.000
292.465,pretrain,0.0000,641.2946,5.8400,0.0279,-0.0465,17.196,1.6316,0.000,0.000
292.564,pretrain,0.0000,637.4593,5.7849,0.0279,-0.0465,17.196,1.6316,0.000,0.000
292.662,pretrain,0.0000,638.2010,5.7638,0.0279,-0.0465,17.196,1.6316,0.000,0.000
292.761,pretrain,0.0000,674.0206,5.8125,0.0278,-0.0465,17.196,1.6316,0.000,0.000
292.861,pretrain,0.0000,636.7574,5.7652,0.0278,-0.0465,17.196,1.6316,0.000,0.000
292.964,pretrain,0.0000,636.7574,5.7652,0.0277,-0.0464,17.196,1.6316,0.000,0.000
293.061,pretrain,0.0000,636.7051,5.7776,0.0277,-0.0464,17.196,1.6316,0.000,0.000
293.161,pretrain,0.0000,639.1509,5.7659,0.0277,-0.0464,17.196,1.6316,0.000,0.000
293.261,pretrain,0.0000,661.6833,5.8010,0.0275,-0.0464,17.196,1.6316,0.000,0.000
293.361,pretrain,0.0000,637.0461,5.7634,0.0275,-0.0464,17.196,1.6316,0.000,0.000
293.467,pretrain,0.0000,671.6987,5.8359,0.0273,-0.0464,17.196,1.6316,0.000,0.000
293.561,pretrain,0.0000,636.5992,5.7718,0.0273,-0.0464,17.196,1.6316,0.000,0.000
293.661,pretrain,0.0000,640.3082,5.7695,0.0273,-0.0464,17.196,1.6316,0.000,0.000
293.761,pretrain,0.0000,662.4720,5.7911,0.0273,-0.0464,17.196,1.6316,0.000,0.000
293.861,pretrain,0.0000,637.6316,5.7630,0.0273,-0.0464,17.196,1.6316,0.000,0.000
293.961,pretrain,0.0000,673.1203,5.7961,0.0272,-0.0464,17.196,1.6316,0.000,0.000
294.063,pretrain,0.0000,636.6374,5.7674,0.0272,-0.0464,17.196,1.6316,0.000,0.000
294.161,pretrain,0.0000,641.6759,5.7746,0.0272,-0.0464,17.196,1.6316,0.000,0.000
294.261,pretrain,0.0000,636.8750,5.7827,0.0268,-0.0464,17.196,1.6316,0.000,0.000
294.361,pretrain,0.0000,638.4310,5.7641,0.0268,-0.0464,17.196,1.6316,0.000,0.000
294.472,pretrain,0.0000,660.6970,5.8068,0.0267,-0.0464,17.196,1.6316,0.000,0.000
294.561,pretrain,0.0000,636.8199,5.7645,0.0267,-0.0464,17.196,1.6316,0.000,0.000
294.661,pretrain,0.0000,670.5836,5.7811,0.0267,-0.0464,17.196,1.6316,0.000,0.000
294.761,pretrain,0.0000,636.6630,5.7758,0.0267,-0.0464,17.196,1.6316,0.000,0.000
294.861,pretrain,0.0000,639.4355,5.7667,0.0267,-0.0464,17.196,1.6316,0.000,0.000
294.961,pretrain,0.0000,661.4229,5.7982,0.0267,-0.0464,17.196,1.6316,0.000,0.000
295.067,pretrain,0.0000,637.1724,5.7631,0.0267,-0.0464,17.196,1.6316,0.000,0.000
295.161,pretrain,0.0000,672.0052,5.7891,0.0267,-0.0464,17.196,1.6316,0.000,0.000
295.261,pretrain,0.0000,636.5953,5.7704,0.0266,-0.0464,17.196,1.6316,0.000,0.000
295.370,pretrain,0.0000,640.6483,5.7706,0.0266,-0.0464,17.196,1.6316,0.000,0.000
295.461,pretrain,0.0000,644.4781,5.7887,0.0266,-0.0464,17.196,1.6316,0.000,0.000
295.563,pretrain,0.0000,644.4781,5.7887,0.0266,-0.0464,17.196,1.6316,0.000,0.000
295.661,pretrain,0.0000,673.4257,5.7987,0.0266,-0.0464,17.196,1.6316,0.000,0.000
295.761,pretrain,0.0000,636.6718,5.7665,0.0266,-0.0464,17.196,1.6316,0.000,0.000
295.861,pretrain,0.0000,642.0724,5.7761,0.0266,-0.0464,17.196,1.6316,0.000,0.000
295.961,pretrain,0.0000,636.8050,5.7807,0.0267,-0.0464,17.196,1.6316,0.000,0.000
296.063,pretrain,0.0000,638.6752,5.7646,0.0267,-0.0464,17.196,1.6316,0.000,0.000
296.161,pretrain,0.0000,637.4564,5.7630,0.0267,-0.0464,17.196,1.6316,0.000,0.000
296.261,pretrain,0.0000,672.5995,5.8253,0.0266,-0.0464,17.196,1.6316,0.000,0.000
296.361,pretrain,0.0000,636.6130,5.7684,0.0266,-0.0464,17.196,1.6316,0.000,0.000
296.461,pretrain,0.0000,641.2951,5.8398,0.0266,-0.0464,17.196,1.6316,0.000,0.000
296.561,pretrain,0.0000,637.4596,5.7847,0.0266,-0.0464,17.196,1.6316,0.000,0.000
296.661,pretrain,0.0000,638.2014,5.7636,0.0266,-0.0464,17.196,1.6316,0.000,0.000
296.761,pretrain,0.0000,674.0181,5.8123,0.0267,-0.0464,17.196,1.6316,0.000,0.000
296.862,pretrain,0.0000,636.7572,5.7651,0.0267,-0.0464,17.196,1.6316,0.000,0.000
296.962,pretrain,0.0000,644.0672,5.8516,0.0268,-0.0464,17.196,1.6316,0.000,0.000
297.061,pretrain,0.0000,636.7048,5.7774,0.0268,-0.0464,17.196,1.6316,0.000,0.000
297.163,pretrain,0.0000,639.1511,5.7658,0.0268,-0.0464,17.196,1.6316,0.000,0.000
297.261,pretrain,0.0000,661.6814,5.8009,0.0267,-0.0464,17.196,1.6316,0.000,0.000
297.361,pretrain,0.0000,637.0459,5.7633,0.0267,-0.0464,17.196,1.6316,0.000,0.000
297.461,pretrain,0.0000,671.6968,5.8358,0.0268,-0.0464,17.196,1.6316,0.000,0.000
297.561,pretrain,0.0000,636.5990,5.7716,0.0268,-0.0464,17.196,1.6316,0.000,0.000
297.664,pretrain,0.0000,640.3085,5.7694,0.0268,-0.0464,17.196,1.6316,0.000,0.000
297.761,pretrain,0.0000,662.4703,5.7910,0.0269,-0.0464,17.196,1.6316,0.000,0.000
297.861,pretrain,0.0000,637.6319,5.7629,0.0269,-0.0464,17.196,1.6316,0.000,0.000
297.961,pretrain,0.0000,673.1189,5.7960,0.0269,-0.0464,17.196,1.6316,0.000,0.000
298.061,pretrain,0.0000,636.6372,5.7673,0.0269,-0.0464,17.196,1.6316,0.000,0.000
298.161,pretrain,0.0000,641.6761,5.7745,0.0269,-0.0464,17.196,1.6316,0.000,0.000
298.261,pretrain,0.0000,636.8749,5.7826,0.0268,-0.0464,17.196,1.6316,0.000,0.000
298.361,pretrain,0.0000,638.4310,5.7640,0.0268,-0.0464,17.196,1.6316,0.000,0.000
298.461,pretrain,0.0000,660.6956,5.8067,0.0267,-0.0464,17.196,1.6316,0.000,0.000
298.561,pretrain,0.0000,636.8198,5.7644,0.0267,-0.0464,17.196,1.6316,0.000,0.000
298.661,pretrain,0.0000,670.5823,5.7810,0.0267,-0.0464,17.196,1.6316,0.000,0.000
298.761,pretrain,0.0000,636.6630,5.7757,0.0268,-0.0464,17.196,1.6316,0.000,0.000
298.861,pretrain,0.0000,639.4356,5.7666,0.0268,-0.0464,17.196,1.6316,0.000,0.000
298.961,pretrain,0.0000,661.4219,5.7981,0.0269,-0.0464,17.196,1.6316,0.000,0.000
299.061,pretrain,0.0000,637.1727,5.7630,0.0269,-0.0464,17.196,1.6316,0.000,0.000
299.161,pretrain,0.0000,672.0041,5.7891,0.0269,-0.0464,17.196,1.6316,0.000,0.000
299.261,pretrain,0.0000,636.5952,5.7704,0.0268,-0.0464,17.196,1.6316,0.000,0.000
299.361,pretrain,0.0000,640.6483,5.7706,0.0268,-0.0464,17.196,1.6316,0.000,0.000
299.461,pretrain,0.0000,644.4789,5.7886,0.0268,-0.0464,17.196,1.6316,0.000,0.000
299.561,pretrain,0.0000,637.8220,5.7631,0.0268,-0.0464,17.196,1.6316,0.000,0.000
299.661,pretrain,0.0000,673.4248,5.7986,0.0268,-0.0464,17.196,1.6316,0.000,0.000
299.763,pretrain,0.0000,636.6716,5.7664,0.0269,-0.0463,17.196,1.6316,0.000,0.000
299.861,pretrain,0.0000,642.0726,5.7760,0.0269,-0.0463,17.196,1.6316,0.000,0.000
299.961,pretrain,0.0000,636.8049,5.7806,0.0269,-0.0463,17.196,1.6316,0.000,0.000
300.061,pretrain,0.0000,638.6753,5.7646,0.0269,-0.0463,17.196,1.6316,0.000,0.000
300.161,pretrain,0.0000,637.4564,5.7630,0.0269,-0.0463,17.196,1.6316,0.000,0.000
300.262,pretrain,0.0000,672.5988,5.8252,0.0268,-0.0463,17.196,1.6316,0.000,0.000
300.361,pretrain,0.0000,636.6130,5.7683,0.0268,-0.0463,17.196,1.6316,0.000,0.000
300.461,pretrain,0.0000,641.2952,5.8398,0.0268,-0.0463,17.196,1.6316,0.000,0.000
300.561,pretrain,0.0000,637.4599,5.7846,0.0268,-0.0463,17.196,1.6316,0.000,0.000
300.661,pretrain,0.0000,638.2015,5.7636,0.0268,-0.0463,17.196,1.6316,0.000,0.000
300.763,pretrain,0.0000,674.0176,5.8123,0.0270,-0.0463,17.196,1.6316,0.000,0.000
300.861,pretrain,0.0000,636.7571,5.7650,0.0270,-0.0463,17.196,1.6316,0.000,0.000
300.961,pretrain,0.0000,644.0678,5.8515,0.0271,-0.0463,17.196,1.6316,0.000,0.000
301.061,pretrain,0.0000,636.7048,5.7774,0.0271,-0.0463,17.196,1.6316,0.000,0.000
301.161,pretrain,0.0000,639.1514,5.7658,0.0271,-0.0463,17.196,1.6316,0.000,0.000
301.261,pretrain,0.0000,661.6810,5.8008,0.0270,-0.0463,17.196,1.6316,0.000,0.000
301.367,pretrain,0.0000,637.0458,5.7632,0.0270,-0.0463,17.196,1.6316,0.000,0.000
301.462,pretrain,0.0000,671.6964,5.8358,0.0271,-0.0463,17.196,1.6316,0.000,0.000
301.561,pretrain,0.0000,636.5989,5.7716,0.0271,-0.0463,17.196,1.6316,0.000,0.000
301.661,pretrain,0.0000,640.3085,5.7694,0.0271,-0.0463,17.196,1.6316,0.000,0.000
301.761,pretrain,0.0000,662.4698,5.7909,0.0272,-0.0463,17.196,1.6316,0.000,0.000
301.866,pretrain,0.0000,637.6320,5.7629,0.0272,-0.0463,17.196,1.6316,0.000,0.000
301.961,pretrain,0.0000,673.1185,5.7960,0.0273,-0.0463,17.196,1.6316,0.000,0.000
302.061,pretrain,0.0000,636.6371,5.7673,0.0273,-0.0463,17.196,1.6316,0.000,0.000
302.161,pretrain,0.0000,641.6763,5.7745,0.0273,-0.0463,17.196,1.6316,0.000,0.000
302.261,pretrain,0.0000,636.8748,5.7826,0.0272,-0.0463,17.196,1.6316,0.000,0.000
302.364,pretrain,0.0000,638.4312,5.7640,0.0272,-0.0463,17.196,1.6316,0.000,0.000
302.461,pretrain,0.0000,660.6953,5.8067,0.0271,-0.0463,17.196,1.6316,0.000,0.000
302.561,pretrain,0.0000,636.8197,5.7644,0.0271,-0.0463,17.196,1.6316,0.000,0.000
302.661,pretrain,0.0000,670.5821,5.7810,0.0271,-0.0463,17.196,1.6316,0.000,0.000
302.762,pretrain,0.0000,636.6629,5.7757,0.0272,-0.0463,17.196,1.6316,0.000,0.000
302.865,pretrain,0.0000,639.4357,5.7666,0.0272,-0.0463,17.196,1.6316,0.000,0.000
302.961,pretrain,0.0000,661.4215,5.7981,0.0274,-0.0463,17.196,1.6316,0.000,0.000
303.061,pretrain,0.0000,637.1727,5.7630,0.0274,-0.0463,17.196,1.6316,0.000,0.000
303.163,pretrain,0.0000,672.0040,5.7891,0.0274,-0.0463,17.196,1.6316,0.000,0.000
303.261,pretrain,0.0000,636.5952,5.7703,0.0272,-0.0463,17.196,1.6316,0.000,0.000
303.361,pretrain,0.0000,640.6484,5.7706,0.0272,-0.0463,17.196,1.6316,0.000,0.000
303.461,pretrain,0.0000,644.4792,5.7886,0.0273,-0.0463,17.196,1.6316,0.000,0.000
303.561,pretrain,0.0000,637.8220,5.7630,0.0273,-0.0463,17.196,1.6316,0.000,0.000
303.661,pretrain,0.0000,673.4247,5.7986,0.0273,-0.0463,17.196,1.6316,0.000,0.000
303.763,pretrain,0.0000,636.6716,5.7664,0.0274,-0.0463,17.196,1.6316,0.000,0.000
303.866,pretrain,0.0000,642.0726,5.7760,0.0274,-0.0463,17.196,1.6316,0.000,0.000
303.969,pretrain,0.0000,642.0726,5.7760,0.0275,-0.0463,17.196,1.6316,0.000,0.000
304.061,pretrain,0.0000,638.6754,5.7645,0.0275,-0.0463,17.196,1.6316,0.000,0.000
304.161,pretrain,0.0000,637.4565,5.7630,0.0275,-0.0463,17.196,1.6316,0.000,0.000
304.266,pretrain,0.0000,672.5986,5.8252,0.0273,-0.0463,17.196,1.6316,0.000,0.000
304.361,pretrain,0.0000,636.6129,5.7683,0.0273,-0.0463,17.196,1.6316,0.000,0.000
304.466,pretrain,0.0000,641.2951,5.8397,0.0273,-0.0463,17.196,1.6316,0.000,0.000
304.563,pretrain,0.0000,637.4598,5.7846,0.0273,-0.0463,17.196,1.6316,0.000,0.000
304.661,pretrain,0.0000,638.2015,5.7636,0.0275,-0.0463,17.196,1.6316,0.000,0.000
304.765,pretrain,0.0000,674.0175,5.8122,0.0275,-0.0463,17.196,1.6316,0.000,0.000
304.861,pretrain,0.0000,636.7571,5.7650,0.0275,-0.0463,17.196,1.6316,0.000,0.000
304.961,pretrain,0.0000,644.0681,5.8515,0.0274,-0.0463,17.196,1.6316,0.000,0.000
305.073,pretrain,0.0000,644.0681,5.8515,0.0274,-0.0463,17.196,1.6316,0.000,0.000
305.163,pretrain,0.0000,639.1514,5.7658,0.0274,-0.0463,17.196,1.6316,0.000,0.000
305.265,pretrain,0.0000,661.6809,5.8008,0.0274,-0.0463,17.196,1.6316,0.000,0.000
305.364,pretrain,0.0000,637.0458,5.7632,0.0274,-0.0463,17.196,1.6316,0.000,0.000
305.462,pretrain,0.0000,671.6963,5.8358,0.0273,-0.0463,17.196,1.6316,0.000,0.000
305.564,pretrain,0.0000,671.6963,5.8358,0.0273,-0.0463,17.196,1.6316,0.000,0.000
305.662,pretrain,0.0000,640.3085,5.7694,0.0273,-0.0463,17.196,1.6316,0.000,0.000
305.761,pretrain,0.0000,662.4697,5.7909,0.0274,-0.0463,17.196,1.6316,0.000,0.000
305.861,pretrain,0.0000,637.6321,5.7629,0.0274,-0.0463,17.196,1.6316,0.000,0.000
305.961,pretrain,0.0000,673.1184,5.7960,0.0275,-0.0463,17.196,1.6316,0.000,0.000
306.070,pretrain,0.0000,636.6371,5.7673,0.0275,-0.0463,17.196,1.6316,0.000,0.000
306.173,pretrain,0.0000,641.6763,5.7745,0.0275,-0.0463,17.196,1.6316,0.000,0.000
306.261,pretrain,0.0000,636.8749,5.7826,0.0273,-0.0463,17.196,1.6316,0.000,0.000
306.361,pretrain,0.0000,638.4312,5.7640,0.0273,-0.0463,17.196,1.6316,0.000,0.000
306.461,pretrain,0.0000,660.6951,5.8066,0.0273,-0.0463,17.196,1.6316,0.000,0.000
306.564,pretrain,0.0000,636.8198,5.7644,0.0273,-0.0463,17.196,1.6316,0.000,0.000
306.661,pretrain,0.0000,670.5821,5.7810,0.0273,-0.0463,17.196,1.6316,0.000,0.000
306.761,pretrain,0.0000,636.6628,5.7757,0.0274,-0.0463,17.196,1.6316,0.000,0.000
306.861,pretrain,0.0000,639.4358,5.7666,0.0274,-0.0463,17.196,1.6316,0.000,0.000
306.961,pretrain,0.0000,661.4215,5.7981,0.0276,-0.0463,17.196,1.6316,0.000,0.000
307.061,pretrain,0.0000,637.1727,5.7630,0.0276,-0.0463,17.196,1.6316,0.000,0.000
307.161,pretrain,0.0000,672.0038,5.7891,0.0276,-0.0463,17.196,1.6316,0.000,0.000
307.261,pretrain,0.0000,636.5952,5.7703,0.0274,-0.0463,17.196,1.6316,0.000,0.000
307.361,pretrain,0.0000,640.6484,5.7706,0.0274,-0.0463,17.196,1.6316,0.000,0.000
307.461,pretrain,0.0000,644.4793,5.7886,0.0274,-0.0463,17.196,1.6316,0.000,0.000
307.561,pretrain,0.0000,637.8221,5.7630,0.0274,-0.0463,17.196,1.6316,0.000,0.000
307.661,pretrain,0.0000,637.8221,5.7630,0.0274,-0.0463,17.196,1.6316,0.000,0.000
307.761,pretrain,0.0000,636.6716,5.7664,0.0275,-0.0463,17.196,1.6316,0.000,0.000
307.861,pretrain,0.0000,642.0726,5.7760,0.0275,-0.0463,17.196,1.6316,0.000,0.000
307.961,pretrain,0.0000,636.8049,5.7806,0.0276,-0.0463,17.196,1.6316,0.000,0.000
308.061,pretrain,0.0000,638.6753,5.7645,0.0276,-0.0463,17.196,1.6316,0.000,0.000
308.166,pretrain,0.0000,637.4565,5.7630,0.0276,-0.0463,17.196,1.6316,0.000,0.000
308.261,pretrain,0.0000,672.5986,5.8252,0.0274,-0.0463,17.196,1.6316,0.000,0.000
308.361,pretrain,0.0000,636.6129,5.7683,0.0274,-0.0463,17.196,1.6316,0.000,0.000
308.461,pretrain,0.0000,641.2951,5.8397,0.0273,-0.0463,17.196,1.6316,0.000,0.000
308.561,pretrain,0.0000,637.4598,5.7846,0.0273,-0.0463,17.196,1.6316,0.000,0.000
308.673,pretrain,0.0000,638.2015,5.7636,0.0274,-0.0463,17.196,1.6316,0.000,0.000
308.761,pretrain,0.0000,674.0176,5.8122,0.0274,-0.0463,17.196,1.6316,0.000,0.000
308.861,pretrain,0.0000,636.7571,5.7650,0.0274,-0.0463,17.196,1.6316,0.000,0.000
308.961,pretrain,0.0000,644.0681,5.8515,0.0274,-0.0463,17.196,1.6316,0.000,0.000
309.061,pretrain,0.0000,636.7048,5.7774,0.0274,-0.0463,17.196,1.6316,0.000,0.000
309.170,pretrain,0.0000,639.1514,5.7658,0.0274,-0.0463,17.196,1.6316,0.000,0.000
309.261,pretrain,0.0000,661.6807,5.8008,0.0273,-0.0463,17.196,1.6316,0.000,0.000
309.361,pretrain,0.0000,637.0458,5.7632,0.0273,-0.0463,17.196,1.6316,0.000,0.000
309.461,pretrain,0.0000,671.6963,5.8358,0.0273,-0.0463,17.196,1.6316,0.000,0.000
309.561,pretrain,0.0000,636.5989,5.7716,0.0273,-0.0463,17.196,1.6316,0.000,0.000
309.664,pretrain,0.0000,640.3085,5.7694,0.0273,-0.0463,17.196,1.6316,0.000,0.000
309.764,pretrain,0.0000,662.4697,5.7909,0.0274,-0.0463,17.196,1.6316,0.000,0.000
309.861,pretrain,0.0000,637.6322,5.7629,0.0274,-0.0463,17.196,1.6316,0.000,0.000
309.961,pretrain,0.0000,673.1184,5.7960,0.0276,-0.0463,17.196,1.6316,0.000,0.000
310.061,pretrain,0.0000,636.6371,5.7673,0.0276,-0.0463,17.196,1.6316,0.000,0.000
310.161,pretrain,0.0000,641.6763,5.7745,0.0276,-0.0463,17.196,1.6316,0.000,0.000
310.262,pretrain,0.0000,636.8749,5.7826,0.0274,-0.0463,17.196,1.6316,0.000,0.000
310.361,pretrain,0.0000,638.4312,5.7640,0.0274,-0.0463,17.196,1.6316,0.000,0.000
310.461,pretrain,0.0000,660.6951,5.8066,0.0275,-0.0463,17.196,1.6316,0.000,0.000
310.561,pretrain,0.0000,636.8198,5.7644,0.0275,-0.0463,17.196,1.6316,0.000,0.000
310.661,pretrain,0.0000,670.5818,5.7810,0.0275,-0.0463,17.196,1.6316,0.000,0.000
310.761,pretrain,0.0000,636.6628,5.7757,0.0275,-0.0463,17.196,1.6316,0.000,0.000
310.861,pretrain,0.0000,639.4357,5.7666,0.0275,-0.0463,17.196,1.6316,0.000,0.000
310.961,pretrain,0.0000,661.4215,5.7981,0.0276,-0.0463,17.196,1.6316,0.000,0.000
311.061,pretrain,0.0000,637.1727,5.7630,0.0276,-0.0463,17.196,1.6316,0.000,0.000
311.161,pretrain,0.0000,672.0038,5.7891,0.0276,-0.0463,17.196,1.6316,0.000,0.000
311.261,pretrain,0.0000,636.5952,5.7703,0.0275,-0.0463,17.196,1.6316,0.000,0.000
311.361,pretrain,0.0000,640.6484,5.7706,0.0275,-0.0463,17.196,1.6316,0.000,0.000
311.461,pretrain,0.0000,644.4793,5.7886,0.0274,-0.0463,17.196,1.6316,0.000,0.000
311.566,pretrain,0.0000,637.8221,5.7630,0.0274,-0.0463,17.196,1.6316,0.000,0.000
311.661,pretrain,0.0000,673.4246,5.7986,0.0274,-0.0463,17.196,1.6316,0.000,0.000
311.761,pretrain,0.0000,636.6716,5.7664,0.0275,-0.0463,17.196,1.6316,0.000,0.000
311.861,pretrain,0.0000,642.0726,5.7760,0.0275,-0.0463,17.196,1.6316,0.000,0.000
311.961,pretrain,0.0000,636.8049,5.7806,0.0275,-0.0463,17.196,1.6316,0.000,0.000
312.061,pretrain,0.0000,638.6753,5.7645,0.0275,-0.0463,17.196,1.6316,0.000,0.000
312.161,pretrain,0.0000,637.4565,5.7630,0.0275,-0.0463,17.196,1.6316,0.000,0.000
312.261,pretrain,0.0000,672.5986,5.8252,0.0274,-0.0463,17.196,1.6316,0.000,0.000
312.361,pretrain,0.0000,636.6129,5.7683,0.0274,-0.0463,17.196,1.6316,0.000,0.000
312.461,pretrain,0.0000,641.2951,5.8397,0.0274,-0.0463,17.196,1.6316,0.000,0.000
312.561,pretrain,0.0000,637.4598,5.7846,0.0274,-0.0463,17.196,1.6316,0.000,0.000
312.661,pretrain,0.0000,638.2015,5.7636,0.0274,-0.0463,17.196,1.6316,0.000,0.000
312.761,pretrain,0.0000,674.0175,5.8122,0.0274,-0.0463,17.196,1.6316,0.000,0.000
312.861,pretrain,0.0000,636.7571,5.7650,0.0274,-0.0463,17.196,1.6316,0.000,0.000
312.961,pretrain,0.0000,644.0681,5.8515,0.0275,-0.0463,17.196,1.6316,0.000,0.000
313.061,pretrain,0.0000,636.7048,5.7774,0.0275,-0.0463,17.196,1.6316,0.000,0.000
313.169,pretrain,0.0000,639.1514,5.7658,0.0275,-0.0463,17.196,1.6316,0.000,0.000
313.261,pretrain,0.0000,661.6807,5.8008,0.0272,-0.0463,17.196,1.6316,0.000,0.000
313.362,pretrain,0.0000,637.0458,5.7632,0.0272,-0.0463,17.196,1.6316,0.000,0.000
313.461,pretrain,0.0000,671.6963,5.8358,0.0271,-0.0463,17.196,1.6316,0.000,0.000
313.561,pretrain,0.0000,636.5989,5.7716,0.0271,-0.0463,17.196,1.6316,0.000,0.000
313.661,pretrain,0.0000,640.3087,5.7694,0.0271,-0.0463,17.196,1.6316,0.000,0.000
313.761,pretrain,0.0000,662.4697,5.7909,0.0272,-0.0463,17.196,1.6316,0.000,0.000
313.861,pretrain,0.0000,637.6322,5.7629,0.0272,-0.0463,17.196,1.6316,0.000,0.000
313.961,pretrain,0.0000,673.1184,5.7959,0.0271,-0.0463,17.196,1.6316,0.000,0.000
314.061,pretrain,0.0000,636.6371,5.7673,0.0271,-0.0463,17.196,1.6316,0.000,0.000
